dob_yy,dob_mm,apgar5,births
2011,1,0,167
2011,1,1,720
2011,1,10,10864
2011,1,2,492
2011,1,3,586
2011,1,4,702
2011,1,5,1193
2011,1,6,2172
2011,1,7,5961
2011,1,8,32198
2011,1,9,264592
2011,1,99,1457
2011,10,0,137
2011,10,1,767
2011,10,10,11117
2011,10,2,556
2011,10,3,528
2011,10,4,714
2011,10,5,1195
2011,10,6,2152
2011,10,7,5905
2011,10,8,32391
2011,10,9,272041
2011,10,99,1671
2011,11,0,131
2011,11,1,687
2011,11,10,11021
2011,11,2,492
2011,11,3,553
2011,11,4,743
2011,11,5,1195
2011,11,6,2152
2011,11,7,5640
2011,11,8,31275
2011,11,9,266732
2011,11,99,1514
2011,12,0,139
2011,12,1,680
2011,12,10,11000
2011,12,2,509
2011,12,3,509
2011,12,4,759
2011,12,5,1154
2011,12,6,2261
2011,12,7,5709
2011,12,8,32061
2011,12,9,271702
2011,12,99,1503
2011,2,0,155
2011,2,1,704
2011,2,10,10219
2011,2,2,492
2011,2,3,484
2011,2,4,639
2011,2,5,1088
2011,2,6,1963
2011,2,7,5398
2011,2,8,29437
2011,2,9,246540
2011,2,99,1418
2011,3,0,147
2011,3,1,808
2011,3,10,10900
2011,3,2,510
2011,3,3,497
2011,3,4,733
2011,3,5,1188
2011,3,6,2195
2011,3,7,6028
2011,3,8,33181
2011,3,9,273068
2011,3,99,1497
2011,4,0,148
2011,4,1,774
2011,4,10,10302
2011,4,2,506
2011,4,3,532
2011,4,4,701
2011,4,5,1196
2011,4,6,2155
2011,4,7,5884
2011,4,8,31908
2011,4,9,258248
2011,4,99,1521
2011,5,0,147
2011,5,1,770
2011,5,10,11070
2011,5,2,523
2011,5,3,540
2011,5,4,757
2011,5,5,1247
2011,5,6,2196
2011,5,7,6122
2011,5,8,33199
2011,5,9,269269
2011,5,99,1402
2011,6,0,160
2011,6,1,776
2011,6,10,11353
2011,6,2,534
2011,6,3,518
2011,6,4,730
2011,6,5,1202
2011,6,6,2248
2011,6,7,6170
2011,6,8,33647
2011,6,9,278990
2011,6,99,1562
2011,7,0,152
2011,7,1,808
2011,7,10,11726
2011,7,2,493
2011,7,3,590
2011,7,4,759
2011,7,5,1253
2011,7,6,2422
2011,7,7,6301
2011,7,8,34565
2011,7,9,285444
2011,7,99,1679
2011,8,0,153
2011,8,1,862
2011,8,10,11843
2011,8,2,578
2011,8,3,570
2011,8,4,793
2011,8,5,1260
2011,8,6,2434
2011,8,7,6249
2011,8,8,35596
2011,8,9,297973
2011,8,99,1768
2011,9,0,155
2011,9,1,754
2011,9,10,11579
2011,9,2,532
2011,9,3,526
2011,9,4,748
2011,9,5,1231
2011,9,6,2370
2011,9,7,6023
2011,9,8,33839
2011,9,9,286727
2011,9,99,1770
1989,1,0,225
1989,1,1,531
1989,1,10,39441
1989,1,2,260
1989,1,3,265
1989,1,4,408
1989,1,5,765
1989,1,6,1665
1989,1,7,4184
1989,1,8,18644
1989,1,9,178749
1989,1,99,75664
1989,10,0,227
1989,10,1,611
1989,10,10,40584
1989,10,2,266
1989,10,3,261
1989,10,4,435
1989,10,5,747
1989,10,6,1739
1989,10,7,4291
1989,10,8,19779
1989,10,9,193148
1989,10,99,82473
1989,11,0,192
1989,11,1,526
1989,11,10,37495
1989,11,2,276
1989,11,3,278
1989,11,4,381
1989,11,5,758
1989,11,6,1563
1989,11,7,3939
1989,11,8,18828
1989,11,9,182749
1989,11,99,78951
1989,12,0,193
1989,12,1,551
1989,12,10,38464
1989,12,2,278
1989,12,3,251
1989,12,4,389
1989,12,5,722
1989,12,6,1614
1989,12,7,4081
1989,12,8,18899
1989,12,9,189366
1989,12,99,81400
1989,2,0,198
1989,2,1,465
1989,2,10,36377
1989,2,2,215
1989,2,3,255
1989,2,4,372
1989,2,5,660
1989,2,6,1494
1989,2,7,3867
1989,2,8,17887
1989,2,9,168573
1989,2,99,70394
1989,3,0,234
1989,3,1,587
1989,3,10,41315
1989,3,2,245
1989,3,3,279
1989,3,4,427
1989,3,5,781
1989,3,6,1599
1989,3,7,4195
1989,3,8,20335
1989,3,9,191607
1989,3,99,78718
1989,4,0,223
1989,4,1,592
1989,4,10,38491
1989,4,2,259
1989,4,3,267
1989,4,4,384
1989,4,5,774
1989,4,6,1569
1989,4,7,4035
1989,4,8,18930
1989,4,9,179822
1989,4,99,73775
1989,5,0,216
1989,5,1,609
1989,5,10,40576
1989,5,2,302
1989,5,3,278
1989,5,4,412
1989,5,5,825
1989,5,6,1726
1989,5,7,4366
1989,5,8,19733
1989,5,9,188872
1989,5,99,78777
1989,6,0,201
1989,6,1,613
1989,6,10,41248
1989,6,2,267
1989,6,3,265
1989,6,4,447
1989,6,5,742
1989,6,6,1634
1989,6,7,4214
1989,6,8,20018
1989,6,9,190858
1989,6,99,78841
1989,7,0,210
1989,7,1,561
1989,7,10,42173
1989,7,2,290
1989,7,3,283
1989,7,4,449
1989,7,5,821
1989,7,6,1784
1989,7,7,4476
1989,7,8,20915
1989,7,9,202667
1989,7,99,82488
1989,8,0,207
1989,8,1,556
1989,8,10,43245
1989,8,2,311
1989,8,3,307
1989,8,4,433
1989,8,5,852
1989,8,6,1753
1989,8,7,4490
1989,8,8,21348
1989,8,9,206757
1989,8,99,86801
1989,9,0,225
1989,9,1,582
1989,9,10,41942
1989,9,2,285
1989,9,3,291
1989,9,4,455
1989,9,5,785
1989,9,6,1752
1989,9,7,4302
1989,9,8,20303
1989,9,9,202195
1989,9,99,84653
1985,1,0,216
1985,1,1,540
1985,1,10,50021
1985,1,2,273
1985,1,3,340
1985,1,4,446
1985,1,5,850
1985,1,6,1775
1985,1,7,4531
1985,1,8,20013
1985,1,9,152885
1985,1,99,72529
1985,10,0,166
1985,10,1,599
1985,10,10,49576
1985,10,2,328
1985,10,3,331
1985,10,4,457
1985,10,5,866
1985,10,6,1826
1985,10,7,4700
1985,10,8,21120
1985,10,9,165117
1985,10,99,78291
1985,11,0,161
1985,11,1,563
1985,11,10,45772
1985,11,2,282
1985,11,3,288
1985,11,4,425
1985,11,5,793
1985,11,6,1712
1985,11,7,4401
1985,11,8,19671
1985,11,9,155015
1985,11,99,72845
1985,12,0,215
1985,12,1,555
1985,12,10,46959
1985,12,2,267
1985,12,3,303
1985,12,4,474
1985,12,5,831
1985,12,6,1741
1985,12,7,4448
1985,12,8,20221
1985,12,9,160476
1985,12,99,74642
1985,2,0,169
1985,2,1,457
1985,2,10,46458
1985,2,2,271
1985,2,3,297
1985,2,4,433
1985,2,5,793
1985,2,6,1573
1985,2,7,4263
1985,2,8,18921
1985,2,9,142927
1985,2,99,65019
1985,3,0,212
1985,3,1,523
1985,3,10,50808
1985,3,2,318
1985,3,3,309
1985,3,4,452
1985,3,5,853
1985,3,6,1816
1985,3,7,4570
1985,3,8,20740
1985,3,9,158415
1985,3,99,72007
1985,4,0,189
1985,4,1,569
1985,4,10,48691
1985,4,2,298
1985,4,3,313
1985,4,4,468
1985,4,5,858
1985,4,6,1742
1985,4,7,4547
1985,4,8,20265
1985,4,9,154849
1985,4,99,69338
1985,5,0,218
1985,5,1,610
1985,5,10,51326
1985,5,2,342
1985,5,3,339
1985,5,4,487
1985,5,5,871
1985,5,6,1876
1985,5,7,4631
1985,5,8,20980
1985,5,9,162713
1985,5,99,73617
1985,6,0,218
1985,6,1,576
1985,6,10,50039
1985,6,2,313
1985,6,3,341
1985,6,4,451
1985,6,5,782
1985,6,6,1733
1985,6,7,4540
1985,6,8,20546
1985,6,9,158516
1985,6,99,70807
1985,7,0,200
1985,7,1,577
1985,7,10,53192
1985,7,2,301
1985,7,3,393
1985,7,4,547
1985,7,5,875
1985,7,6,1959
1985,7,7,4749
1985,7,8,21917
1985,7,9,170742
1985,7,99,78459
1985,8,0,186
1985,8,1,558
1985,8,10,52797
1985,8,2,313
1985,8,3,369
1985,8,4,496
1985,8,5,901
1985,8,6,1880
1985,8,7,4878
1985,8,8,22083
1985,8,9,171061
1985,8,99,81497
1985,9,0,204
1985,9,1,561
1985,9,10,52000
1985,9,2,330
1985,9,3,336
1985,9,4,473
1985,9,5,883
1985,9,6,1841
1985,9,7,4618
1985,9,8,21467
1985,9,9,169469
1985,9,99,79493
2008,1,0,193
2008,1,1,767
2008,1,10,14130
2008,1,2,467
2008,1,3,547
2008,1,4,686
2008,1,5,1195
2008,1,6,2344
2008,1,7,6243
2008,1,8,35236
2008,1,9,292675
2008,1,99,2561
2008,10,0,174
2008,10,1,760
2008,10,10,13677
2008,10,2,512
2008,10,3,550
2008,10,4,755
2008,10,5,1490
2008,10,6,2299
2008,10,7,6268
2008,10,8,34736
2008,10,9,295000
2008,10,99,2312
2008,11,0,164
2008,11,1,718
2008,11,10,12253
2008,11,2,468
2008,11,3,507
2008,11,4,654
2008,11,5,1285
2008,11,6,2042
2008,11,7,5731
2008,11,8,31522
2008,11,9,266859
2008,11,99,2204
2008,12,0,177
2008,12,1,693
2008,12,10,13008
2008,12,2,461
2008,12,3,517
2008,12,4,679
2008,12,5,1423
2008,12,6,2298
2008,12,7,6200
2008,12,8,34343
2008,12,9,292210
2008,12,99,2441
2008,2,0,200
2008,2,1,738
2008,2,10,13384
2008,2,2,498
2008,2,3,485
2008,2,4,692
2008,2,5,1138
2008,2,6,2096
2008,2,7,6029
2008,2,8,34041
2008,2,9,277456
2008,2,99,2346
2008,3,0,167
2008,3,1,809
2008,3,10,13584
2008,3,2,521
2008,3,3,500
2008,3,4,728
2008,3,5,1155
2008,3,6,2287
2008,3,7,6241
2008,3,8,35402
2008,3,9,287357
2008,3,99,2431
2008,4,0,170
2008,4,1,744
2008,4,10,13621
2008,4,2,487
2008,4,3,504
2008,4,4,696
2008,4,5,1148
2008,4,6,2286
2008,4,7,6250
2008,4,8,35090
2008,4,9,283656
2008,4,99,2332
2008,5,0,182
2008,5,1,792
2008,5,10,13684
2008,5,2,512
2008,5,3,511
2008,5,4,733
2008,5,5,1227
2008,5,6,2293
2008,5,7,6396
2008,5,8,35738
2008,5,9,291059
2008,5,99,2308
2008,6,0,163
2008,6,1,772
2008,6,10,13752
2008,6,2,450
2008,6,3,509
2008,6,4,646
2008,6,5,1183
2008,6,6,2141
2008,6,7,6237
2008,6,8,33992
2008,6,9,287022
2008,6,99,2358
2008,7,0,186
2008,7,1,778
2008,7,10,14741
2008,7,2,511
2008,7,3,552
2008,7,4,751
2008,7,5,1190
2008,7,6,2460
2008,7,7,6463
2008,7,8,36710
2008,7,9,309186
2008,7,99,2577
2008,8,0,151
2008,8,1,811
2008,8,10,14301
2008,8,2,509
2008,8,3,584
2008,8,4,728
2008,8,5,1245
2008,8,6,2451
2008,8,7,6635
2008,8,8,36811
2008,8,9,307369
2008,8,99,2433
2008,9,0,156
2008,9,1,761
2008,9,10,14322
2008,9,2,508
2008,9,3,509
2008,9,4,737
2008,9,5,1308
2008,9,6,2294
2008,9,7,6175
2008,9,8,35792
2008,9,9,303629
2008,9,99,2469
2018,1,0,196
2018,1,1,669
2018,1,10,6960
2018,1,2,506
2018,1,3,569
2018,1,4,724
2018,1,5,1346
2018,1,6,2544
2018,1,7,5909
2018,1,8,31282
2018,1,9,263600
2018,1,99,1288
2018,10,0,128
2018,10,1,649
2018,10,10,7069
2018,10,2,493
2018,10,3,509
2018,10,4,768
2018,10,5,1312
2018,10,6,2515
2018,10,7,6309
2018,10,8,33321
2018,10,9,273347
2018,10,99,1320
2018,11,0,152
2018,11,1,612
2018,11,10,6645
2018,11,2,478
2018,11,3,510
2018,11,4,712
2018,11,5,1244
2018,11,6,2385
2018,11,7,5969
2018,11,8,31381
2018,11,9,258094
2018,11,99,1293
2018,12,0,107
2018,12,1,586
2018,12,10,6691
2018,12,2,467
2018,12,3,548
2018,12,4,702
2018,12,5,1235
2018,12,6,2437
2018,12,7,6098
2018,12,8,32156
2018,12,9,259339
2018,12,99,1215
2018,2,0,128
2018,2,1,633
2018,2,10,6401
2018,2,2,414
2018,2,3,473
2018,2,4,582
2018,2,5,1142
2018,2,6,2184
2018,2,7,5510
2018,2,8,28219
2018,2,9,238157
2018,2,99,1097
2018,3,0,132
2018,3,1,674
2018,3,10,7019
2018,3,2,530
2018,3,3,487
2018,3,4,779
2018,3,5,1314
2018,3,6,2477
2018,3,7,6091
2018,3,8,31829
2018,3,9,264305
2018,3,99,1187
2018,4,0,122
2018,4,1,629
2018,4,10,6599
2018,4,2,464
2018,4,3,506
2018,4,4,691
2018,4,5,1232
2018,4,6,2403
2018,4,7,5774
2018,4,8,30047
2018,4,9,249465
2018,4,99,1193
2018,5,0,132
2018,5,1,633
2018,5,10,7135
2018,5,2,508
2018,5,3,532
2018,5,4,755
2018,5,5,1261
2018,5,6,2538
2018,5,7,6144
2018,5,8,32350
2018,5,9,268247
2018,5,99,1213
2018,6,0,139
2018,6,1,641
2018,6,10,6857
2018,6,2,466
2018,6,3,558
2018,6,4,737
2018,6,5,1208
2018,6,6,2530
2018,6,7,6263
2018,6,8,32081
2018,6,9,262957
2018,6,99,1148
2018,7,0,138
2018,7,1,655
2018,7,10,7333
2018,7,2,533
2018,7,3,540
2018,7,4,786
2018,7,5,1336
2018,7,6,2586
2018,7,7,6407
2018,7,8,33446
2018,7,9,274782
2018,7,99,1309
2018,8,0,140
2018,8,1,685
2018,8,10,7527
2018,8,2,553
2018,8,3,554
2018,8,4,789
2018,8,5,1428
2018,8,6,2698
2018,8,7,6673
2018,8,8,35129
2018,8,9,288114
2018,8,99,1397
2018,9,0,133
2018,9,1,676
2018,9,10,6758
2018,9,2,462
2018,9,3,522
2018,9,4,752
2018,9,5,1322
2018,9,6,2565
2018,9,7,6274
2018,9,8,32403
2018,9,9,270459
2018,9,99,1359
1983,1,0,141
1983,1,1,484
1983,1,10,57731
1983,1,2,353
1983,1,3,360
1983,1,4,495
1983,1,5,896
1983,1,6,1886
1983,1,7,4498
1983,1,8,19049
1983,1,9,135056
1983,1,99,52131
1983,10,0,158
1983,10,1,579
1983,10,10,54785
1983,10,2,342
1983,10,3,324
1983,10,4,489
1983,10,5,878
1983,10,6,1910
1983,10,7,4601
1983,10,8,19586
1983,10,9,142818
1983,10,99,53714
1983,11,0,152
1983,11,1,535
1983,11,10,51090
1983,11,2,322
1983,11,3,293
1983,11,4,427
1983,11,5,802
1983,11,6,1707
1983,11,7,4426
1983,11,8,19143
1983,11,9,137188
1983,11,99,50658
1983,12,0,142
1983,12,1,448
1983,12,10,52689
1983,12,2,284
1983,12,3,316
1983,12,4,430
1983,12,5,827
1983,12,6,1711
1983,12,7,4460
1983,12,8,19390
1983,12,9,140824
1983,12,99,52315
1983,2,0,135
1983,2,1,471
1983,2,10,53119
1983,2,2,335
1983,2,3,350
1983,2,4,445
1983,2,5,776
1983,2,6,1700
1983,2,7,4200
1983,2,8,18108
1983,2,9,126850
1983,2,99,47748
1983,3,0,144
1983,3,1,542
1983,3,10,59187
1983,3,2,334
1983,3,3,371
1983,3,4,476
1983,3,5,933
1983,3,6,1847
1983,3,7,4672
1983,3,8,20768
1983,3,9,143601
1983,3,99,52548
1983,4,0,162
1983,4,1,553
1983,4,10,54647
1983,4,2,301
1983,4,3,326
1983,4,4,445
1983,4,5,941
1983,4,6,1744
1983,4,7,4372
1983,4,8,19292
1983,4,9,137228
1983,4,99,49539
1983,5,0,135
1983,5,1,559
1983,5,10,57101
1983,5,2,324
1983,5,3,354
1983,5,4,457
1983,5,5,834
1983,5,6,1880
1983,5,7,4720
1983,5,8,19665
1983,5,9,141433
1983,5,99,50886
1983,6,0,152
1983,6,1,548
1983,6,10,56903
1983,6,2,322
1983,6,3,344
1983,6,4,470
1983,6,5,832
1983,6,6,1882
1983,6,7,4705
1983,6,8,19651
1983,6,9,141872
1983,6,99,51423
1983,7,0,162
1983,7,1,563
1983,7,10,59205
1983,7,2,376
1983,7,3,358
1983,7,4,524
1983,7,5,1023
1983,7,6,1949
1983,7,7,4835
1983,7,8,20766
1983,7,9,147855
1983,7,99,54595
1983,8,0,173
1983,8,1,572
1983,8,10,59418
1983,8,2,351
1983,8,3,385
1983,8,4,485
1983,8,5,947
1983,8,6,1980
1983,8,7,4948
1983,8,8,21005
1983,8,9,150049
1983,8,99,56800
1983,9,0,182
1983,9,1,569
1983,9,10,57234
1983,9,2,362
1983,9,3,298
1983,9,4,500
1983,9,5,892
1983,9,6,1801
1983,9,7,4539
1983,9,8,19905
1983,9,9,146732
1983,9,99,55040
2006,1,0,138
2006,1,1,607
2006,1,10,14208
2006,1,2,339
2006,1,3,367
2006,1,4,489
2006,1,5,935
2006,1,6,1767
2006,1,7,4822
2006,1,8,26162
2006,1,9,245037
2006,1,99,46028
2006,10,0,182
2006,10,1,607
2006,10,10,15068
2006,10,2,388
2006,10,3,402
2006,10,4,518
2006,10,5,888
2006,10,6,1890
2006,10,7,5028
2006,10,8,26672
2006,10,9,265885
2006,10,99,50532
2006,11,0,177
2006,11,1,599
2006,11,10,14311
2006,11,2,368
2006,11,3,377
2006,11,4,497
2006,11,5,859
2006,11,6,1834
2006,11,7,4806
2006,11,8,25420
2006,11,9,254525
2006,11,99,48716
2006,12,0,178
2006,12,1,642
2006,12,10,14407
2006,12,2,315
2006,12,3,379
2006,12,4,535
2006,12,5,852
2006,12,6,1838
2006,12,7,4736
2006,12,8,25545
2006,12,9,258435
2006,12,99,48852
2006,2,0,150
2006,2,1,571
2006,2,10,13517
2006,2,2,317
2006,2,3,336
2006,2,4,495
2006,2,5,794
2006,2,6,1605
2006,2,7,4512
2006,2,8,24357
2006,2,9,230640
2006,2,99,42551
2006,3,0,159
2006,3,1,655
2006,3,10,14849
2006,3,2,346
2006,3,3,370
2006,3,4,516
2006,3,5,906
2006,3,6,1838
2006,3,7,5030
2006,3,8,26999
2006,3,9,257502
2006,3,99,48190
2006,4,0,162
2006,4,1,663
2006,4,10,13657
2006,4,2,345
2006,4,3,357
2006,4,4,473
2006,4,5,861
2006,4,6,1721
2006,4,7,4664
2006,4,8,24993
2006,4,9,238296
2006,4,99,44203
2006,5,0,155
2006,5,1,670
2006,5,10,14603
2006,5,2,350
2006,5,3,392
2006,5,4,492
2006,5,5,944
2006,5,6,1870
2006,5,7,4993
2006,5,8,26797
2006,5,9,256998
2006,5,99,47799
2006,6,0,169
2006,6,1,693
2006,6,10,14755
2006,6,2,403
2006,6,3,389
2006,6,4,542
2006,6,5,960
2006,6,6,1863
2006,6,7,4978
2006,6,8,26618
2006,6,9,259095
2006,6,99,48432
2006,7,0,180
2006,7,1,663
2006,7,10,14984
2006,7,2,373
2006,7,3,433
2006,7,4,578
2006,7,5,991
2006,7,6,1995
2006,7,7,5301
2006,7,8,27445
2006,7,9,265300
2006,7,99,50390
2006,8,0,181
2006,8,1,659
2006,8,10,15806
2006,8,2,412
2006,8,3,408
2006,8,4,557
2006,8,5,1009
2006,8,6,1915
2006,8,7,5251
2006,8,8,28466
2006,8,9,281666
2006,8,99,52151
2006,9,0,172
2006,9,1,626
2006,9,10,15349
2006,9,2,341
2006,9,3,370
2006,9,4,505
2006,9,5,890
2006,9,6,1905
2006,9,7,5071
2006,9,8,27238
2006,9,9,271858
2006,9,99,51064
1991,1,0,188
1991,1,1,539
1991,1,10,36244
1991,1,2,272
1991,1,3,246
1991,1,4,428
1991,1,5,765
1991,1,6,1521
1991,1,7,3990
1991,1,8,18884
1991,1,9,194702
1991,1,99,77724
1991,10,0,209
1991,10,1,546
1991,10,10,36510
1991,10,2,242
1991,10,3,244
1991,10,4,370
1991,10,5,767
1991,10,6,1660
1991,10,7,4082
1991,10,8,19006
1991,10,9,201803
1991,10,99,83941
1991,11,0,194
1991,11,1,478
1991,11,10,33227
1991,11,2,198
1991,11,3,222
1991,11,4,378
1991,11,5,694
1991,11,6,1494
1991,11,7,3833
1991,11,8,17752
1991,11,9,188100
1991,11,99,77442
1991,12,0,164
1991,12,1,503
1991,12,10,35328
1991,12,2,236
1991,12,3,259
1991,12,4,372
1991,12,5,694
1991,12,6,1509
1991,12,7,3985
1991,12,8,18581
1991,12,9,198589
1991,12,99,81365
1991,2,0,175
1991,2,1,468
1991,2,10,33556
1991,2,2,244
1991,2,3,241
1991,2,4,345
1991,2,5,643
1991,2,6,1420
1991,2,7,3681
1991,2,8,17337
1991,2,9,180519
1991,2,99,70794
1991,3,0,230
1991,3,1,536
1991,3,10,36589
1991,3,2,255
1991,3,3,294
1991,3,4,364
1991,3,5,774
1991,3,6,1675
1991,3,7,4163
1991,3,8,19603
1991,3,9,202730
1991,3,99,77188
1991,4,0,193
1991,4,1,578
1991,4,10,35629
1991,4,2,251
1991,4,3,252
1991,4,4,399
1991,4,5,651
1991,4,6,1572
1991,4,7,4179
1991,4,8,19222
1991,4,9,197389
1991,4,99,75681
1991,5,0,204
1991,5,1,576
1991,5,10,37623
1991,5,2,290
1991,5,3,241
1991,5,4,386
1991,5,5,770
1991,5,6,1683
1991,5,7,4220
1991,5,8,19554
1991,5,9,208385
1991,5,99,79560
1991,6,0,207
1991,6,1,550
1991,6,10,35976
1991,6,2,238
1991,6,3,263
1991,6,4,340
1991,6,5,704
1991,6,6,1607
1991,6,7,3978
1991,6,8,18491
1991,6,9,195263
1991,6,99,77025
1991,7,0,207
1991,7,1,601
1991,7,10,38505
1991,7,2,267
1991,7,3,270
1991,7,4,400
1991,7,5,835
1991,7,6,1797
1991,7,7,4242
1991,7,8,20227
1991,7,9,211701
1991,7,99,84275
1991,8,0,224
1991,8,1,576
1991,8,10,38353
1991,8,2,264
1991,8,3,273
1991,8,4,410
1991,8,5,734
1991,8,6,1684
1991,8,7,4243
1991,8,8,20192
1991,8,9,213927
1991,8,99,86340
1991,9,0,204
1991,9,1,554
1991,9,10,37432
1991,9,2,238
1991,9,3,261
1991,9,4,361
1991,9,5,723
1991,9,6,1645
1991,9,7,4027
1991,9,8,19260
1991,9,9,206724
1991,9,99,84932
2005,1,0,150
2005,1,1,577
2005,1,10,14873
2005,1,2,369
2005,1,3,364
2005,1,4,436
2005,1,5,976
2005,1,6,1734
2005,1,7,4820
2005,1,8,25329
2005,1,9,236288
2005,1,99,46114
2005,10,0,188
2005,10,1,603
2005,10,10,15141
2005,10,2,327
2005,10,3,349
2005,10,4,463
2005,10,5,760
2005,10,6,1725
2005,10,7,4695
2005,10,8,24754
2005,10,9,248402
2005,10,99,47886
2005,11,0,165
2005,11,1,573
2005,11,10,14611
2005,11,2,296
2005,11,3,340
2005,11,4,459
2005,11,5,851
2005,11,6,1660
2005,11,7,4529
2005,11,8,23661
2005,11,9,242844
2005,11,99,46320
2005,12,0,151
2005,12,1,617
2005,12,10,15048
2005,12,2,339
2005,12,3,333
2005,12,4,453
2005,12,5,818
2005,12,6,1779
2005,12,7,4643
2005,12,8,24327
2005,12,9,252828
2005,12,99,47512
2005,2,0,154
2005,2,1,524
2005,2,10,13682
2005,2,2,245
2005,2,3,312
2005,2,4,432
2005,2,5,748
2005,2,6,1563
2005,2,7,4431
2005,2,8,22494
2005,2,9,222680
2005,2,99,42831
2005,3,0,184
2005,3,1,592
2005,3,10,15323
2005,3,2,311
2005,3,3,333
2005,3,4,471
2005,3,5,849
2005,3,6,1909
2005,3,7,4745
2005,3,8,25344
2005,3,9,251564
2005,3,99,48256
2005,4,0,159
2005,4,1,575
2005,4,10,14477
2005,4,2,305
2005,4,3,334
2005,4,4,451
2005,4,5,756
2005,4,6,1862
2005,4,7,4703
2005,4,8,24357
2005,4,9,239766
2005,4,99,45282
2005,5,0,157
2005,5,1,627
2005,5,10,15153
2005,5,2,314
2005,5,3,321
2005,5,4,463
2005,5,5,855
2005,5,6,1761
2005,5,7,4731
2005,5,8,25595
2005,5,9,250399
2005,5,99,46454
2005,6,0,176
2005,6,1,630
2005,6,10,15550
2005,6,2,345
2005,6,3,342
2005,6,4,473
2005,6,5,863
2005,6,6,1895
2005,6,7,4810
2005,6,8,25994
2005,6,9,253297
2005,6,99,47071
2005,7,0,189
2005,7,1,627
2005,7,10,15352
2005,7,2,346
2005,7,3,344
2005,7,4,441
2005,7,5,896
2005,7,6,1935
2005,7,7,4945
2005,7,8,26164
2005,7,9,256855
2005,7,99,49606
2005,8,0,169
2005,8,1,647
2005,8,10,16195
2005,8,2,329
2005,8,3,371
2005,8,4,503
2005,8,5,839
2005,8,6,1728
2005,8,7,4902
2005,8,8,26523
2005,8,9,266349
2005,8,99,51490
2005,9,0,162
2005,9,1,598
2005,9,10,16004
2005,9,2,321
2005,9,3,330
2005,9,4,455
2005,9,5,806
2005,9,6,1698
2005,9,7,4823
2005,9,8,25351
2005,9,9,262422
2005,9,99,51144
2019,1,0,134
2019,1,1,560
2019,1,2,453
2019,1,3,488
2019,1,4,780
2019,1,5,1341
2019,1,6,2442
2019,1,7,6153
2019,1,8,32490
2019,1,9,258925
2019,1,10,6669
2019,1,99,1243
2019,2,0,126
2019,2,1,577
2019,2,2,465
2019,2,3,493
2019,2,4,686
2019,2,5,1151
2019,2,6,2269
2019,2,7,5511
2019,2,8,29867
2019,2,9,232655
2019,2,10,5722
2019,2,99,1157
2019,3,0,158
2019,3,1,610
2019,3,2,496
2019,3,3,545
2019,3,4,706
2019,3,5,1292
2019,3,6,2407
2019,3,7,6361
2019,3,8,33159
2019,3,9,251706
2019,3,10,6282
2019,3,99,1277
2019,4,0,163
2019,4,1,626
2019,4,2,460
2019,4,3,523
2019,4,4,677
2019,4,5,1314
2019,4,6,2365
2019,4,7,6232
2019,4,8,33744
2019,4,9,246329
2019,4,10,6084
2019,4,99,1238
2019,5,0,142
2019,5,1,643
2019,5,2,503
2019,5,3,544
2019,5,4,769
2019,5,5,1345
2019,5,6,2660
2019,5,7,6626
2019,5,8,35761
2019,5,9,260465
2019,5,10,6512
2019,5,99,1190
2019,6,0,174
2019,6,1,628
2019,6,2,470
2019,6,3,555
2019,6,4,758
2019,6,5,1310
2019,6,6,2533
2019,6,7,6633
2019,6,8,34833
2019,6,9,249495
2019,6,10,6238
2019,6,99,1216
2019,7,0,204
2019,7,1,664
2019,7,2,536
2019,7,3,575
2019,7,4,774
2019,7,5,1396
2019,7,6,2762
2019,7,7,7093
2019,7,8,38049
2019,7,9,274222
2019,7,10,6909
2019,7,99,1334
2019,8,0,212
2019,8,1,685
2019,8,2,470
2019,8,3,606
2019,8,4,800
2019,8,5,1510
2019,8,6,2757
2019,8,7,7104
2019,8,8,38882
2019,8,9,281223
2019,8,10,6969
2019,8,99,1399
2019,9,0,176
2019,9,1,639
2019,9,2,484
2019,9,3,521
2019,9,4,773
2019,9,5,1344
2019,9,6,2636
2019,9,7,6670
2019,9,8,36522
2019,9,9,269075
2019,9,10,6568
2019,9,99,1254
2019,10,0,193
2019,10,1,612
2019,10,2,483
2019,10,3,540
2019,10,4,790
2019,10,5,1469
2019,10,6,2657
2019,10,7,6772
2019,10,8,35967
2019,10,9,269295
2019,10,10,6278
2019,10,99,1109
2019,11,0,172
2019,11,1,569
2019,11,2,510
2019,11,3,565
2019,11,4,755
2019,11,5,1291
2019,11,6,2550
2019,11,7,6184
2019,11,8,33634
2019,11,9,245756
2019,11,10,5756
2019,11,99,1157
2019,12,0,192
2019,12,1,602
2019,12,2,451
2019,12,3,552
2019,12,4,760
2019,12,5,1344
2019,12,6,2412
2019,12,7,6556
2019,12,8,34572
2019,12,9,255181
2019,12,10,5886
2019,12,99,1099
1986,1,0,176
1986,1,1,547
1986,1,10,45718
1986,1,2,277
1986,1,3,320
1986,1,4,404
1986,1,5,813
1986,1,6,1735
1986,1,7,4489
1986,1,8,20082
1986,1,9,158980
1986,1,99,72975
1986,10,0,179
1986,10,1,553
1986,10,10,45559
1986,10,2,266
1986,10,3,286
1986,10,4,397
1986,10,5,768
1986,10,6,1672
1986,10,7,4266
1986,10,8,20132
1986,10,9,168723
1986,10,99,76670
1986,11,0,146
1986,11,1,496
1986,11,10,41417
1986,11,2,271
1986,11,3,262
1986,11,4,404
1986,11,5,764
1986,11,6,1567
1986,11,7,3983
1986,11,8,18147
1986,11,9,155589
1986,11,99,70526
1986,12,0,158
1986,12,1,481
1986,12,10,43977
1986,12,2,279
1986,12,3,241
1986,12,4,384
1986,12,5,728
1986,12,6,1622
1986,12,7,4034
1986,12,8,19248
1986,12,9,166622
1986,12,99,75283
1986,2,0,174
1986,2,1,506
1986,2,10,42283
1986,2,2,290
1986,2,3,281
1986,2,4,398
1986,2,5,694
1986,2,6,1598
1986,2,7,3947
1986,2,8,18669
1986,2,9,147133
1986,2,99,66821
1986,3,0,187
1986,3,1,571
1986,3,10,46472
1986,3,2,281
1986,3,3,274
1986,3,4,448
1986,3,5,805
1986,3,6,1687
1986,3,7,4429
1986,3,8,20775
1986,3,9,164148
1986,3,99,72669
1986,4,0,175
1986,4,1,566
1986,4,10,45015
1986,4,2,274
1986,4,3,270
1986,4,4,417
1986,4,5,807
1986,4,6,1653
1986,4,7,4290
1986,4,8,20153
1986,4,9,159652
1986,4,99,71178
1986,5,0,185
1986,5,1,574
1986,5,10,45722
1986,5,2,335
1986,5,3,301
1986,5,4,421
1986,5,5,808
1986,5,6,1763
1986,5,7,4365
1986,5,8,20610
1986,5,9,166822
1986,5,99,74413
1986,6,0,191
1986,6,1,558
1986,6,10,45039
1986,6,2,267
1986,6,3,312
1986,6,4,475
1986,6,5,780
1986,6,6,1703
1986,6,7,4183
1986,6,8,19724
1986,6,9,161793
1986,6,99,72986
1986,7,0,200
1986,7,1,585
1986,7,10,48425
1986,7,2,308
1986,7,3,322
1986,7,4,424
1986,7,5,850
1986,7,6,1884
1986,7,7,4565
1986,7,8,21561
1986,7,9,176170
1986,7,99,79618
1986,8,0,200
1986,8,1,556
1986,8,10,47980
1986,8,2,292
1986,8,3,320
1986,8,4,451
1986,8,5,862
1986,8,6,1826
1986,8,7,4540
1986,8,8,21674
1986,8,9,175402
1986,8,99,80161
1986,9,0,193
1986,9,1,518
1986,9,10,48325
1986,9,2,270
1986,9,3,331
1986,9,4,453
1986,9,5,787
1986,9,6,1650
1986,9,7,4323
1986,9,8,20795
1986,9,9,177074
1986,9,99,79864
2014,1,0,149
2014,1,1,763
2014,1,10,8949
2014,1,2,601
2014,1,3,631
2014,1,4,883
2014,1,5,1469
2014,1,6,2701
2014,1,7,6826
2014,1,8,36941
2014,1,9,265749
2014,1,99,1492
2014,10,0,150
2014,10,1,738
2014,10,10,9333
2014,10,2,560
2014,10,3,603
2014,10,4,846
2014,10,5,1381
2014,10,6,2522
2014,10,7,6572
2014,10,8,35959
2014,10,9,284308
2014,10,99,1293
2014,11,0,143
2014,11,1,663
2014,11,10,8516
2014,11,2,561
2014,11,3,563
2014,11,4,812
2014,11,5,1354
2014,11,6,2394
2014,11,7,6159
2014,11,8,32722
2014,11,9,263844
2014,11,99,1088
2014,12,0,155
2014,12,1,824
2014,12,10,8987
2014,12,2,529
2014,12,3,592
2014,12,4,793
2014,12,5,1344
2014,12,6,2497
2014,12,7,6460
2014,12,8,35508
2014,12,9,282540
2014,12,99,1265
2014,2,0,138
2014,2,1,737
2014,2,10,8165
2014,2,2,578
2014,2,3,537
2014,2,4,812
2014,2,5,1297
2014,2,6,2313
2014,2,7,6088
2014,2,8,33684
2014,2,9,243318
2014,2,99,1420
2014,3,0,132
2014,3,1,791
2014,3,10,8930
2014,3,2,622
2014,3,3,625
2014,3,4,788
2014,3,5,1445
2014,3,6,2540
2014,3,7,6632
2014,3,8,36266
2014,3,9,264144
2014,3,99,1402
2014,4,0,127
2014,4,1,781
2014,4,10,8648
2014,4,2,584
2014,4,3,574
2014,4,4,830
2014,4,5,1411
2014,4,6,2603
2014,4,7,6516
2014,4,8,35358
2014,4,9,260928
2014,4,99,1428
2014,5,0,152
2014,5,1,859
2014,5,10,9205
2014,5,2,559
2014,5,3,600
2014,5,4,872
2014,5,5,1443
2014,5,6,2598
2014,5,7,6657
2014,5,8,36714
2014,5,9,274325
2014,5,99,1460
2014,6,0,159
2014,6,1,800
2014,6,10,9010
2014,6,2,559
2014,6,3,608
2014,6,4,767
2014,6,5,1299
2014,6,6,2466
2014,6,7,6245
2014,6,8,35234
2014,6,9,268207
2014,6,99,1403
2014,7,0,152
2014,7,1,818
2014,7,10,9748
2014,7,2,659
2014,7,3,622
2014,7,4,866
2014,7,5,1391
2014,7,6,2667
2014,7,7,6895
2014,7,8,37384
2014,7,9,293705
2014,7,99,1539
2014,8,0,138
2014,8,1,776
2014,8,10,9713
2014,8,2,600
2014,8,3,652
2014,8,4,846
2014,8,5,1497
2014,8,6,2727
2014,8,7,6648
2014,8,8,36910
2014,8,9,293116
2014,8,99,1578
2014,9,0,147
2014,9,1,801
2014,9,10,9482
2014,9,2,552
2014,9,3,609
2014,9,4,849
2014,9,5,1430
2014,9,6,2548
2014,9,7,6385
2014,9,8,35472
2014,9,9,289651
2014,9,99,1477
1996,1,0,189
1996,1,1,469
1996,1,10,25159
1996,1,2,218
1996,1,3,217
1996,1,4,320
1996,1,5,654
1996,1,6,1454
1996,1,7,3682
1996,1,8,17171
1996,1,9,192600
1996,1,99,72438
1996,10,0,202
1996,10,1,503
1996,10,10,25049
1996,10,2,219
1996,10,3,256
1996,10,4,369
1996,10,5,670
1996,10,6,1486
1996,10,7,4002
1996,10,8,18361
1996,10,9,207445
1996,10,99,78094
1996,11,0,176
1996,11,1,474
1996,11,10,23215
1996,11,2,209
1996,11,3,251
1996,11,4,326
1996,11,5,592
1996,11,6,1421
1996,11,7,3546
1996,11,8,16614
1996,11,9,190465
1996,11,99,72390
1996,12,0,208
1996,12,1,472
1996,12,10,23846
1996,12,2,185
1996,12,3,230
1996,12,4,330
1996,12,5,604
1996,12,6,1440
1996,12,7,3671
1996,12,8,17378
1996,12,9,199339
1996,12,99,75014
1996,2,0,195
1996,2,1,430
1996,2,10,23771
1996,2,2,168
1996,2,3,209
1996,2,4,309
1996,2,5,626
1996,2,6,1359
1996,2,7,3659
1996,2,8,16459
1996,2,9,187085
1996,2,99,67749
1996,3,0,188
1996,3,1,515
1996,3,10,25510
1996,3,2,208
1996,3,3,246
1996,3,4,331
1996,3,5,662
1996,3,6,1509
1996,3,7,3783
1996,3,8,17492
1996,3,9,199298
1996,3,99,73105
1996,4,0,190
1996,4,1,484
1996,4,10,24339
1996,4,2,231
1996,4,3,227
1996,4,4,343
1996,4,5,636
1996,4,6,1427
1996,4,7,3722
1996,4,8,17181
1996,4,9,193409
1996,4,99,70691
1996,5,0,186
1996,5,1,456
1996,5,10,25639
1996,5,2,213
1996,5,3,247
1996,5,4,355
1996,5,5,661
1996,5,6,1556
1996,5,7,3900
1996,5,8,17631
1996,5,9,201104
1996,5,99,74055
1996,6,0,192
1996,6,1,478
1996,6,10,25144
1996,6,2,239
1996,6,3,222
1996,6,4,353
1996,6,5,656
1996,6,6,1479
1996,6,7,3762
1996,6,8,17715
1996,6,9,196949
1996,6,99,71580
1996,7,0,182
1996,7,1,492
1996,7,10,26764
1996,7,2,226
1996,7,3,292
1996,7,4,418
1996,7,5,641
1996,7,6,1587
1996,7,7,3977
1996,7,8,18744
1996,7,9,213423
1996,7,99,78720
1996,8,0,208
1996,8,1,517
1996,8,10,26476
1996,8,2,236
1996,8,3,263
1996,8,4,361
1996,8,5,681
1996,8,6,1553
1996,8,7,4024
1996,8,8,19026
1996,8,9,213945
1996,8,99,79340
1996,9,0,183
1996,9,1,461
1996,9,10,25683
1996,9,2,191
1996,9,3,220
1996,9,4,330
1996,9,5,668
1996,9,6,1506
1996,9,7,3792
1996,9,8,17874
1996,9,9,208345
1996,9,99,77384
1988,1,0,174
1988,1,1,492
1988,1,10,40728
1988,1,2,260
1988,1,3,255
1988,1,4,384
1988,1,5,682
1988,1,6,1519
1988,1,7,3886
1988,1,8,18822
1988,1,9,169407
1988,1,99,73891
1988,10,0,248
1988,10,1,577
1988,10,10,42220
1988,10,2,305
1988,10,3,298
1988,10,4,442
1988,10,5,780
1988,10,6,1656
1988,10,7,4076
1988,10,8,19670
1988,10,9,181866
1988,10,99,79495
1988,11,0,234
1988,11,1,539
1988,11,10,38979
1988,11,2,253
1988,11,3,256
1988,11,4,425
1988,11,5,757
1988,11,6,1590
1988,11,7,3901
1988,11,8,18395
1988,11,9,173584
1988,11,99,75753
1988,12,0,222
1988,12,1,464
1988,12,10,40235
1988,12,2,283
1988,12,3,270
1988,12,4,372
1988,12,5,700
1988,12,6,1540
1988,12,7,3981
1988,12,8,18870
1988,12,9,177825
1988,12,99,77565
1988,2,0,185
1988,2,1,478
1988,2,10,38412
1988,2,2,266
1988,2,3,206
1988,2,4,364
1988,2,5,654
1988,2,6,1465
1988,2,7,3788
1988,2,8,18271
1988,2,9,164129
1988,2,99,70533
1988,3,0,188
1988,3,1,561
1988,3,10,41823
1988,3,2,251
1988,3,3,255
1988,3,4,419
1988,3,5,712
1988,3,6,1526
1988,3,7,4155
1988,3,8,19582
1988,3,9,177023
1988,3,99,75748
1988,4,0,211
1988,4,1,570
1988,4,10,39440
1988,4,2,239
1988,4,3,269
1988,4,4,391
1988,4,5,660
1988,4,6,1553
1988,4,7,4059
1988,4,8,18757
1988,4,9,169906
1988,4,99,73408
1988,5,0,219
1988,5,1,556
1988,5,10,42010
1988,5,2,283
1988,5,3,250
1988,5,4,430
1988,5,5,764
1988,5,6,1681
1988,5,7,4151
1988,5,8,19766
1988,5,9,179319
1988,5,99,76852
1988,6,0,243
1988,6,1,504
1988,6,10,42470
1988,6,2,271
1988,6,3,298
1988,6,4,400
1988,6,5,719
1988,6,6,1649
1988,6,7,4179
1988,6,8,19737
1988,6,9,182065
1988,6,99,76687
1988,7,0,301
1988,7,1,561
1988,7,10,45004
1988,7,2,310
1988,7,3,316
1988,7,4,410
1988,7,5,791
1988,7,6,1675
1988,7,7,4276
1988,7,8,20642
1988,7,9,191895
1988,7,99,80650
1988,8,0,264
1988,8,1,567
1988,8,10,45093
1988,8,2,256
1988,8,3,282
1988,8,4,478
1988,8,5,847
1988,8,6,1747
1988,8,7,4441
1988,8,8,21097
1988,8,9,195690
1988,8,99,83837
1988,9,0,265
1988,9,1,554
1988,9,10,44508
1988,9,2,276
1988,9,3,290
1988,9,4,409
1988,9,5,741
1988,9,6,1637
1988,9,7,4312
1988,9,8,20248
1988,9,9,191121
1988,9,99,82916
1998,1,0,177
1998,1,1,494
1998,1,10,21858
1998,1,2,207
1998,1,3,239
1998,1,4,368
1998,1,5,641
1998,1,6,1478
1998,1,7,3776
1998,1,8,17485
1998,1,9,199844
1998,1,99,73006
1998,10,0,192
1998,10,1,521
1998,10,10,21689
1998,10,2,217
1998,10,3,235
1998,10,4,360
1998,10,5,668
1998,10,6,1528
1998,10,7,3951
1998,10,8,18057
1998,10,9,209532
1998,10,99,76188
1998,11,0,211
1998,11,1,438
1998,11,10,20108
1998,11,2,229
1998,11,3,209
1998,11,4,315
1998,11,5,629
1998,11,6,1440
1998,11,7,3594
1998,11,8,17208
1998,11,9,197196
1998,11,99,71970
1998,12,0,200
1998,12,1,508
1998,12,10,21648
1998,12,2,216
1998,12,3,234
1998,12,4,345
1998,12,5,657
1998,12,6,1574
1998,12,7,3827
1998,12,8,17835
1998,12,9,210985
1998,12,99,76219
1998,2,0,215
1998,2,1,430
1998,2,10,20151
1998,2,2,185
1998,2,3,240
1998,2,4,314
1998,2,5,609
1998,2,6,1385
1998,2,7,3448
1998,2,8,16628
1998,2,9,189382
1998,2,99,65964
1998,3,0,196
1998,3,1,507
1998,3,10,21892
1998,3,2,195
1998,3,3,233
1998,3,4,361
1998,3,5,684
1998,3,6,1568
1998,3,7,4020
1998,3,8,18397
1998,3,9,209129
1998,3,99,72528
1998,4,0,200
1998,4,1,483
1998,4,10,21381
1998,4,2,208
1998,4,3,244
1998,4,4,342
1998,4,5,631
1998,4,6,1486
1998,4,7,3923
1998,4,8,18023
1998,4,9,202826
1998,4,99,70284
1998,5,0,192
1998,5,1,505
1998,5,10,22168
1998,5,2,214
1998,5,3,275
1998,5,4,376
1998,5,5,671
1998,5,6,1555
1998,5,7,4026
1998,5,8,18406
1998,5,9,210595
1998,5,99,71781
1998,6,0,196
1998,6,1,517
1998,6,10,22431
1998,6,2,223
1998,6,3,244
1998,6,4,358
1998,6,5,645
1998,6,6,1524
1998,6,7,3807
1998,6,8,18433
1998,6,9,207767
1998,6,99,71237
1998,7,0,193
1998,7,1,513
1998,7,10,23579
1998,7,2,239
1998,7,3,262
1998,7,4,398
1998,7,5,711
1998,7,6,1612
1998,7,7,4035
1998,7,8,19088
1998,7,9,220639
1998,7,99,77723
1998,8,0,218
1998,8,1,523
1998,8,10,22969
1998,8,2,234
1998,8,3,247
1998,8,4,348
1998,8,5,653
1998,8,6,1624
1998,8,7,4148
1998,8,8,18643
1998,8,9,217781
1998,8,99,77712
1998,9,0,179
1998,9,1,491
1998,9,10,22732
1998,9,2,203
1998,9,3,222
1998,9,4,340
1998,9,5,649
1998,9,6,1566
1998,9,7,3886
1998,9,8,18420
1998,9,9,217254
1998,9,99,77814
1994,1,0,219
1994,1,1,486
1994,1,10,29400
1994,1,2,198
1994,1,3,247
1994,1,4,347
1994,1,5,621
1994,1,6,1480
1994,1,7,3681
1994,1,8,17175
1994,1,9,191637
1994,1,99,75506
1994,10,0,184
1994,10,1,522
1994,10,10,29394
1994,10,2,190
1994,10,3,220
1994,10,4,354
1994,10,5,702
1994,10,6,1490
1994,10,7,3844
1994,10,8,17493
1994,10,9,198290
1994,10,99,77858
1994,11,0,154
1994,11,1,484
1994,11,10,28003
1994,11,2,204
1994,11,3,221
1994,11,4,327
1994,11,5,626
1994,11,6,1455
1994,11,7,3646
1994,11,8,17064
1994,11,9,191224
1994,11,99,76358
1994,12,0,194
1994,12,1,457
1994,12,10,28517
1994,12,2,208
1994,12,3,214
1994,12,4,332
1994,12,5,666
1994,12,6,1432
1994,12,7,3760
1994,12,8,17259
1994,12,9,197911
1994,12,99,76141
1994,2,0,205
1994,2,1,471
1994,2,10,27479
1994,2,2,215
1994,2,3,198
1994,2,4,321
1994,2,5,602
1994,2,6,1360
1994,2,7,3372
1994,2,8,16342
1994,2,9,181741
1994,2,99,69322
1994,3,0,198
1994,3,1,524
1994,3,10,30720
1994,3,2,199
1994,3,3,242
1994,3,4,338
1994,3,5,683
1994,3,6,1525
1994,3,7,3933
1994,3,8,18459
1994,3,9,205738
1994,3,99,77519
1994,4,0,183
1994,4,1,548
1994,4,10,28809
1994,4,2,250
1994,4,3,217
1994,4,4,345
1994,4,5,593
1994,4,6,1502
1994,4,7,3798
1994,4,8,17210
1994,4,9,192036
1994,4,99,72222
1994,5,0,178
1994,5,1,523
1994,5,10,29943
1994,5,2,211
1994,5,3,242
1994,5,4,344
1994,5,5,697
1994,5,6,1485
1994,5,7,3907
1994,5,8,17746
1994,5,9,200179
1994,5,99,75145
1994,6,0,185
1994,6,1,500
1994,6,10,29963
1994,6,2,222
1994,6,3,250
1994,6,4,355
1994,6,5,667
1994,6,6,1566
1994,6,7,3768
1994,6,8,17635
1994,6,9,200273
1994,6,99,74702
1994,7,0,196
1994,7,1,561
1994,7,10,31280
1994,7,2,255
1994,7,3,249
1994,7,4,363
1994,7,5,682
1994,7,6,1539
1994,7,7,3972
1994,7,8,18632
1994,7,9,210457
1994,7,99,78039
1994,8,0,203
1994,8,1,500
1994,8,10,31381
1994,8,2,232
1994,8,3,253
1994,8,4,361
1994,8,5,694
1994,8,6,1609
1994,8,7,4046
1994,8,8,18706
1994,8,9,213117
1994,8,99,81478
1994,9,0,187
1994,9,1,500
1994,9,10,30511
1994,9,2,208
1994,9,3,226
1994,9,4,342
1994,9,5,618
1994,9,6,1497
1994,9,7,3872
1994,9,8,17858
1994,9,9,204813
1994,9,99,78988
1990,1,0,214
1990,1,1,605
1990,1,10,38306
1990,1,2,273
1990,1,3,288
1990,1,4,436
1990,1,5,736
1990,1,6,1709
1990,1,7,4075
1990,1,8,18897
1990,1,9,189835
1990,1,99,80275
1990,10,0,210
1990,10,1,555
1990,10,10,38437
1990,10,2,274
1990,10,3,278
1990,10,4,392
1990,10,5,707
1990,10,6,1665
1990,10,7,4177
1990,10,8,19702
1990,10,9,200225
1990,10,99,86990
1990,11,0,176
1990,11,1,543
1990,11,10,35771
1990,11,2,227
1990,11,3,274
1990,11,4,372
1990,11,5,692
1990,11,6,1481
1990,11,7,3904
1990,11,8,18361
1990,11,9,189294
1990,11,99,82456
1990,12,0,200
1990,12,1,537
1990,12,10,36018
1990,12,2,246
1990,12,3,262
1990,12,4,357
1990,12,5,688
1990,12,6,1542
1990,12,7,3844
1990,12,8,18662
1990,12,9,192105
1990,12,99,82590
1990,2,0,171
1990,2,1,529
1990,2,10,35529
1990,2,2,244
1990,2,3,246
1990,2,4,365
1990,2,5,658
1990,2,6,1561
1990,2,7,3758
1990,2,8,17876
1990,2,9,177763
1990,2,99,74230
1990,3,0,222
1990,3,1,590
1990,3,10,39700
1990,3,2,257
1990,3,3,252
1990,3,4,389
1990,3,5,726
1990,3,6,1636
1990,3,7,4178
1990,3,8,19644
1990,3,9,200300
1990,3,99,83068
1990,4,0,209
1990,4,1,590
1990,4,10,37838
1990,4,2,264
1990,4,3,247
1990,4,4,378
1990,4,5,684
1990,4,6,1632
1990,4,7,4099
1990,4,8,18897
1990,4,9,192209
1990,4,99,79697
1990,5,0,185
1990,5,1,568
1990,5,10,39587
1990,5,2,270
1990,5,3,244
1990,5,4,409
1990,5,5,797
1990,5,6,1784
1990,5,7,4228
1990,5,8,20057
1990,5,9,201716
1990,5,99,84648
1990,6,0,209
1990,6,1,557
1990,6,10,38769
1990,6,2,269
1990,6,3,285
1990,6,4,393
1990,6,5,758
1990,6,6,1557
1990,6,7,4132
1990,6,8,19194
1990,6,9,199148
1990,6,99,82469
1990,7,0,215
1990,7,1,588
1990,7,10,41579
1990,7,2,289
1990,7,3,284
1990,7,4,448
1990,7,5,754
1990,7,6,1689
1990,7,7,4358
1990,7,8,20386
1990,7,9,209495
1990,7,99,88022
1990,8,0,214
1990,8,1,548
1990,8,10,40471
1990,8,2,297
1990,8,3,276
1990,8,4,447
1990,8,5,760
1990,8,6,1734
1990,8,7,4295
1990,8,8,20521
1990,8,9,212876
1990,8,99,90507
1990,9,0,218
1990,9,1,555
1990,9,10,39803
1990,9,2,247
1990,9,3,288
1990,9,4,370
1990,9,5,714
1990,9,6,1673
1990,9,7,4155
1990,9,8,19432
1990,9,9,204193
1990,9,99,87484
2001,1,0,188
2001,1,1,494
2001,1,10,18560
2001,1,2,210
2001,1,3,249
2001,1,4,358
2001,1,5,590
2001,1,6,1467
2001,1,7,3918
2001,1,8,18006
2001,1,9,215094
2001,1,99,76478
2001,10,0,172
2001,10,1,427
2001,10,10,18114
2001,10,2,222
2001,10,3,251
2001,10,4,334
2001,10,5,727
2001,10,6,1430
2001,10,7,3915
2001,10,8,18098
2001,10,9,221326
2001,10,99,79583
2001,11,0,193
2001,11,1,424
2001,11,10,16934
2001,11,2,198
2001,11,3,215
2001,11,4,318
2001,11,5,633
2001,11,6,1368
2001,11,7,3718
2001,11,8,17066
2001,11,9,208413
2001,11,99,74734
2001,12,0,178
2001,12,1,491
2001,12,10,17458
2001,12,2,210
2001,12,3,209
2001,12,4,335
2001,12,5,627
2001,12,6,1430
2001,12,7,3723
2001,12,8,17484
2001,12,9,209726
2001,12,99,75125
2001,2,0,194
2001,2,1,455
2001,2,10,17003
2001,2,2,168
2001,2,3,211
2001,2,4,311
2001,2,5,582
2001,2,6,1306
2001,2,7,3544
2001,2,8,16120
2001,2,9,196350
2001,2,99,67655
2001,3,0,183
2001,3,1,522
2001,3,10,18757
2001,3,2,226
2001,3,3,211
2001,3,4,342
2001,3,5,643
2001,3,6,1515
2001,3,7,3900
2001,3,8,18227
2001,3,9,219937
2001,3,99,74625
2001,4,0,196
2001,4,1,527
2001,4,10,17729
2001,4,2,213
2001,4,3,216
2001,4,4,324
2001,4,5,632
2001,4,6,1418
2001,4,7,3745
2001,4,8,17533
2001,4,9,210172
2001,4,99,71334
2001,5,0,197
2001,5,1,558
2001,5,10,18592
2001,5,2,246
2001,5,3,252
2001,5,4,319
2001,5,5,614
2001,5,6,1456
2001,5,7,4007
2001,5,8,18543
2001,5,9,224238
2001,5,99,75471
2001,6,0,214
2001,6,1,495
2001,6,10,18018
2001,6,2,234
2001,6,3,210
2001,6,4,310
2001,6,5,631
2001,6,6,1439
2001,6,7,3926
2001,6,8,17582
2001,6,9,214935
2001,6,99,73543
2001,7,0,190
2001,7,1,496
2001,7,10,19374
2001,7,2,242
2001,7,3,253
2001,7,4,350
2001,7,5,691
2001,7,6,1554
2001,7,7,3854
2001,7,8,18834
2001,7,9,227404
2001,7,99,78344
2001,8,0,189
2001,8,1,513
2001,8,10,19739
2001,8,2,207
2001,8,3,248
2001,8,4,343
2001,8,5,684
2001,8,6,1619
2001,8,7,4103
2001,8,8,19376
2001,8,9,232732
2001,8,99,82629
2001,9,0,172
2001,9,1,437
2001,9,10,17962
2001,9,2,196
2001,9,3,238
2001,9,4,317
2001,9,5,623
2001,9,6,1474
2001,9,7,3734
2001,9,8,18025
2001,9,9,221310
2001,9,99,78598
1997,1,0,201
1997,1,1,473
1997,1,10,23362
1997,1,2,211
1997,1,3,221
1997,1,4,344
1997,1,5,667
1997,1,6,1431
1997,1,7,3779
1997,1,8,17265
1997,1,9,196725
1997,1,99,72820
1997,10,0,222
1997,10,1,540
1997,10,10,22887
1997,10,2,199
1997,10,3,246
1997,10,4,370
1997,10,5,645
1997,10,6,1560
1997,10,7,3769
1997,10,8,18059
1997,10,9,206099
1997,10,99,74355
1997,11,0,215
1997,11,1,433
1997,11,10,21063
1997,11,2,206
1997,11,3,260
1997,11,4,342
1997,11,5,581
1997,11,6,1476
1997,11,7,3641
1997,11,8,16903
1997,11,9,191721
1997,11,99,70748
1997,12,0,252
1997,12,1,468
1997,12,10,22696
1997,12,2,209
1997,12,3,230
1997,12,4,354
1997,12,5,662
1997,12,6,1524
1997,12,7,3760
1997,12,8,17562
1997,12,9,206061
1997,12,99,75824
1997,2,0,150
1997,2,1,449
1997,2,10,21473
1997,2,2,219
1997,2,3,217
1997,2,4,306
1997,2,5,624
1997,2,6,1343
1997,2,7,3393
1997,2,8,15668
1997,2,9,182133
1997,2,99,65820
1997,3,0,191
1997,3,1,503
1997,3,10,23426
1997,3,2,224
1997,3,3,248
1997,3,4,342
1997,3,5,596
1997,3,6,1531
1997,3,7,3781
1997,3,8,17841
1997,3,9,200835
1997,3,99,71965
1997,4,0,184
1997,4,1,480
1997,4,10,22463
1997,4,2,200
1997,4,3,227
1997,4,4,346
1997,4,5,651
1997,4,6,1458
1997,4,7,3762
1997,4,8,17852
1997,4,9,197536
1997,4,99,69300
1997,5,0,174
1997,5,1,494
1997,5,10,24001
1997,5,2,218
1997,5,3,235
1997,5,4,357
1997,5,5,605
1997,5,6,1616
1997,5,7,3774
1997,5,8,18394
1997,5,9,207557
1997,5,99,73175
1997,6,0,208
1997,6,1,484
1997,6,10,23350
1997,6,2,209
1997,6,3,224
1997,6,4,346
1997,6,5,649
1997,6,6,1432
1997,6,7,3770
1997,6,8,17752
1997,6,9,202425
1997,6,99,71320
1997,7,0,216
1997,7,1,469
1997,7,10,25099
1997,7,2,195
1997,7,3,257
1997,7,4,336
1997,7,5,708
1997,7,6,1530
1997,7,7,4033
1997,7,8,19200
1997,7,9,217032
1997,7,99,77739
1997,8,0,203
1997,8,1,506
1997,8,10,23908
1997,8,2,215
1997,8,3,257
1997,8,4,354
1997,8,5,710
1997,8,6,1536
1997,8,7,3998
1997,8,8,18461
1997,8,9,211501
1997,8,99,77807
1997,9,0,232
1997,9,1,479
1997,9,10,23782
1997,9,2,224
1997,9,3,224
1997,9,4,323
1997,9,5,693
1997,9,6,1489
1997,9,7,3855
1997,9,8,17772
1997,9,9,208328
1997,9,99,76511
2010,1,0,196
2010,1,1,709
2010,1,10,11194
2010,1,2,548
2010,1,3,631
2010,1,4,711
2010,1,5,1232
2010,1,6,2333
2010,1,7,6351
2010,1,8,35125
2010,1,9,263056
2010,1,99,1730
2010,10,0,199
2010,10,1,743
2010,10,10,11476
2010,10,2,551
2010,10,3,553
2010,10,4,734
2010,10,5,1195
2010,10,6,2223
2010,10,7,6038
2010,10,8,33186
2010,10,9,279048
2010,10,99,1531
2010,11,0,200
2010,11,1,725
2010,11,10,11111
2010,11,2,522
2010,11,3,494
2010,11,4,708
2010,11,5,1143
2010,11,6,2130
2010,11,7,5621
2010,11,8,32294
2010,11,9,270527
2010,11,99,1393
2010,12,0,203
2010,12,1,745
2010,12,10,11480
2010,12,2,507
2010,12,3,536
2010,12,4,764
2010,12,5,1214
2010,12,6,2225
2010,12,7,6317
2010,12,8,33738
2010,12,9,280360
2010,12,99,1576
2010,2,0,140
2010,2,1,655
2010,2,10,10546
2010,2,2,489
2010,2,3,516
2010,2,4,647
2010,2,5,1144
2010,2,6,2151
2010,2,7,5671
2010,2,8,32312
2010,2,9,246597
2010,2,99,1683
2010,3,0,165
2010,3,1,743
2010,3,10,11645
2010,3,2,550
2010,3,3,585
2010,3,4,766
2010,3,5,1241
2010,3,6,2278
2010,3,7,6279
2010,3,8,35486
2010,3,9,277645
2010,3,99,1836
2010,4,0,147
2010,4,1,739
2010,4,10,11253
2010,4,2,519
2010,4,3,514
2010,4,4,699
2010,4,5,1196
2010,4,6,2195
2010,4,7,6230
2010,4,8,34029
2010,4,9,266301
2010,4,99,1760
2010,5,0,179
2010,5,1,751
2010,5,10,11468
2010,5,2,556
2010,5,3,546
2010,5,4,711
2010,5,5,1234
2010,5,6,2221
2010,5,7,6204
2010,5,8,33383
2010,5,9,269973
2010,5,99,1734
2010,6,0,175
2010,6,1,746
2010,6,10,11763
2010,6,2,493
2010,6,3,526
2010,6,4,694
2010,6,5,1196
2010,6,6,2199
2010,6,7,6023
2010,6,8,33629
2010,6,9,276031
2010,6,99,1705
2010,7,0,169
2010,7,1,741
2010,7,10,12007
2010,7,2,495
2010,7,3,548
2010,7,4,754
2010,7,5,1206
2010,7,6,2324
2010,7,7,6404
2010,7,8,34463
2010,7,9,285024
2010,7,99,1740
2010,8,0,170
2010,8,1,772
2010,8,10,12416
2010,8,2,519
2010,8,3,521
2010,8,4,719
2010,8,5,1224
2010,8,6,2304
2010,8,7,6378
2010,8,8,34839
2010,8,9,289010
2010,8,99,1601
2010,9,0,173
2010,9,1,697
2010,9,10,12031
2010,9,2,548
2010,9,3,534
2010,9,4,706
2010,9,5,1197
2010,9,6,2267
2010,9,7,6224
2010,9,8,34104
2010,9,9,291393
2010,9,99,1565
2015,1,0,132
2015,1,1,714
2015,1,10,8868
2015,1,2,558
2015,1,3,548
2015,1,4,811
2015,1,5,1438
2015,1,6,2523
2015,1,7,6281
2015,1,8,33956
2015,1,9,269667
2015,1,99,1251
2015,10,0,136
2015,10,1,731
2015,10,10,8470
2015,10,2,559
2015,10,3,613
2015,10,4,819
2015,10,5,1403
2015,10,6,2521
2015,10,7,6744
2015,10,8,35178
2015,10,9,281464
2015,10,99,1266
2015,11,0,124
2015,11,1,672
2015,11,10,7965
2015,11,2,514
2015,11,3,517
2015,11,4,786
2015,11,5,1321
2015,11,6,2328
2015,11,7,6043
2015,11,8,32778
2015,11,9,265394
2015,11,99,1163
2015,12,0,144
2015,12,1,721
2015,12,10,8234
2015,12,2,531
2015,12,3,580
2015,12,4,810
2015,12,5,1344
2015,12,6,2563
2015,12,7,6256
2015,12,8,34806
2015,12,9,279365
2015,12,99,1222
2015,2,0,125
2015,2,1,678
2015,2,10,8016
2015,2,2,496
2015,2,3,597
2015,2,4,685
2015,2,5,1224
2015,2,6,2292
2015,2,7,5868
2015,2,8,31785
2015,2,9,245931
2015,2,99,1118
2015,3,0,149
2015,3,1,775
2015,3,10,8797
2015,3,2,531
2015,3,3,620
2015,3,4,786
2015,3,5,1415
2015,3,6,2569
2015,3,7,6258
2015,3,8,34717
2015,3,9,271882
2015,3,99,1215
2015,4,0,109
2015,4,1,797
2015,4,10,8393
2015,4,2,563
2015,4,3,561
2015,4,4,807
2015,4,5,1339
2015,4,6,2526
2015,4,7,6265
2015,4,8,33632
2015,4,9,265471
2015,4,99,1155
2015,5,0,137
2015,5,1,714
2015,5,10,8555
2015,5,2,608
2015,5,3,577
2015,5,4,824
2015,5,5,1364
2015,5,6,2504
2015,5,7,6359
2015,5,8,34610
2015,5,9,271304
2015,5,99,1153
2015,6,0,166
2015,6,1,743
2015,6,10,8635
2015,6,2,535
2015,6,3,561
2015,6,4,846
2015,6,5,1378
2015,6,6,2537
2015,6,7,6389
2015,6,8,34621
2015,6,9,273865
2015,6,99,1124
2015,7,0,168
2015,7,1,806
2015,7,10,8990
2015,7,2,603
2015,7,3,618
2015,7,4,843
2015,7,5,1409
2015,7,6,2763
2015,7,7,6953
2015,7,8,37112
2015,7,9,292810
2015,7,99,1309
2015,8,0,157
2015,8,1,796
2015,8,10,9075
2015,8,2,558
2015,8,3,613
2015,8,4,865
2015,8,5,1411
2015,8,6,2640
2015,8,7,6663
2015,8,8,36687
2015,8,9,292035
2015,8,99,1282
2015,9,0,156
2015,9,1,763
2015,9,10,8705
2015,9,2,550
2015,9,3,592
2015,9,4,823
2015,9,5,1445
2015,9,6,2605
2015,9,7,6710
2015,9,8,35621
2015,9,9,289185
2015,9,99,1324
1980,1,0,204
1980,1,1,425
1980,1,10,70315
1980,1,2,329
1980,1,3,302
1980,1,4,418
1980,1,5,853
1980,1,6,1662
1980,1,7,3770
1980,1,8,15962
1980,1,9,107824
1980,1,99,65410
1980,10,0,194
1980,10,1,541
1980,10,10,70659
1980,10,2,335
1980,10,3,359
1980,10,4,469
1980,10,5,874
1980,10,6,1703
1980,10,7,4291
1980,10,8,17890
1980,10,9,119554
1980,10,99,68257
1980,11,0,157
1980,11,1,441
1980,11,10,64682
1980,11,2,326
1980,11,3,331
1980,11,4,408
1980,11,5,791
1980,11,6,1600
1980,11,7,3922
1980,11,8,16343
1980,11,9,112120
1980,11,99,64015
1980,12,0,165
1980,12,1,419
1980,12,10,66737
1980,12,2,345
1980,12,3,327
1980,12,4,462
1980,12,5,899
1980,12,6,1689
1980,12,7,4011
1980,12,8,17170
1980,12,9,118228
1980,12,99,66897
1980,2,0,155
1980,2,1,413
1980,2,10,66331
1980,2,2,316
1980,2,3,328
1980,2,4,411
1980,2,5,769
1980,2,6,1519
1980,2,7,3611
1980,2,8,15633
1980,2,9,105192
1980,2,99,62148
1980,3,0,176
1980,3,1,506
1980,3,10,70845
1980,3,2,324
1980,3,3,340
1980,3,4,467
1980,3,5,793
1980,3,6,1615
1980,3,7,3967
1980,3,8,16820
1980,3,9,113506
1980,3,99,63720
1980,4,0,193
1980,4,1,455
1980,4,10,67719
1980,4,2,361
1980,4,3,296
1980,4,4,397
1980,4,5,803
1980,4,6,1593
1980,4,7,3773
1980,4,8,16050
1980,4,9,110260
1980,4,99,61007
1980,5,0,180
1980,5,1,498
1980,5,10,67817
1980,5,2,365
1980,5,3,340
1980,5,4,467
1980,5,5,834
1980,5,6,1684
1980,5,7,3817
1980,5,8,16614
1980,5,9,113297
1980,5,99,63178
1980,6,0,204
1980,6,1,521
1980,6,10,68145
1980,6,2,351
1980,6,3,348
1980,6,4,427
1980,6,5,871
1980,6,6,1690
1980,6,7,3965
1980,6,8,16436
1980,6,9,111922
1980,6,99,63638
1980,7,0,185
1980,7,1,483
1980,7,10,75091
1980,7,2,395
1980,7,3,397
1980,7,4,489
1980,7,5,941
1980,7,6,1858
1980,7,7,4362
1980,7,8,17856
1980,7,9,123104
1980,7,99,70002
1980,8,0,173
1980,8,1,508
1980,8,10,74176
1980,8,2,359
1980,8,3,347
1980,8,4,516
1980,8,5,949
1980,8,6,1780
1980,8,7,4353
1980,8,8,18358
1980,8,9,123408
1980,8,99,71208
1980,9,0,204
1980,9,1,498
1980,9,10,73950
1980,9,2,329
1980,9,3,363
1980,9,4,481
1980,9,5,878
1980,9,6,1738
1980,9,7,4077
1980,9,8,17628
1980,9,9,122470
1980,9,99,70881
1993,1,0,225
1993,1,1,513
1993,1,10,31457
1993,1,2,245
1993,1,3,248
1993,1,4,360
1993,1,5,621
1993,1,6,1521
1993,1,7,3862
1993,1,8,17343
1993,1,9,191757
1993,1,99,75268
1993,10,0,236
1993,10,1,542
1993,10,10,30659
1993,10,2,246
1993,10,3,258
1993,10,4,344
1993,10,5,653
1993,10,6,1505
1993,10,7,3761
1993,10,8,17736
1993,10,9,197986
1993,10,99,79387
1993,11,0,181
1993,11,1,491
1993,11,10,28994
1993,11,2,212
1993,11,3,245
1993,11,4,344
1993,11,5,597
1993,11,6,1500
1993,11,7,3575
1993,11,8,16576
1993,11,9,187888
1993,11,99,76148
1993,12,0,201
1993,12,1,542
1993,12,10,30491
1993,12,2,203
1993,12,3,240
1993,12,4,358
1993,12,5,681
1993,12,6,1512
1993,12,7,3784
1993,12,8,17415
1993,12,9,196843
1993,12,99,79207
1993,2,0,151
1993,2,1,469
1993,2,10,29504
1993,2,2,200
1993,2,3,207
1993,2,4,318
1993,2,5,564
1993,2,6,1296
1993,2,7,3584
1993,2,8,16870
1993,2,9,182261
1993,2,99,69523
1993,3,0,200
1993,3,1,561
1993,3,10,33125
1993,3,2,248
1993,3,3,223
1993,3,4,391
1993,3,5,677
1993,3,6,1521
1993,3,7,3885
1993,3,8,18362
1993,3,9,205188
1993,3,99,78137
1993,4,0,192
1993,4,1,517
1993,4,10,31293
1993,4,2,225
1993,4,3,210
1993,4,4,366
1993,4,5,654
1993,4,6,1484
1993,4,7,3796
1993,4,8,18191
1993,4,9,195782
1993,4,99,74662
1993,5,0,203
1993,5,1,523
1993,5,10,32518
1993,5,2,243
1993,5,3,192
1993,5,4,364
1993,5,5,662
1993,5,6,1548
1993,5,7,3894
1993,5,8,18287
1993,5,9,201909
1993,5,99,76025
1993,6,0,206
1993,6,1,547
1993,6,10,32409
1993,6,2,217
1993,6,3,243
1993,6,4,370
1993,6,5,606
1993,6,6,1521
1993,6,7,3785
1993,6,8,17954
1993,6,9,200831
1993,6,99,77014
1993,7,0,199
1993,7,1,537
1993,7,10,33571
1993,7,2,255
1993,7,3,298
1993,7,4,391
1993,7,5,751
1993,7,6,1534
1993,7,7,4212
1993,7,8,18863
1993,7,9,211119
1993,7,99,81219
1993,8,0,182
1993,8,1,497
1993,8,10,32943
1993,8,2,196
1993,8,3,245
1993,8,4,365
1993,8,5,668
1993,8,6,1536
1993,8,7,3887
1993,8,8,19035
1993,8,9,209002
1993,8,99,82750
1993,9,0,189
1993,9,1,532
1993,9,10,32156
1993,9,2,220
1993,9,3,245
1993,9,4,378
1993,9,5,666
1993,9,6,1583
1993,9,7,3980
1993,9,8,18034
1993,9,9,207467
1993,9,99,82949
1987,1,0,286
1987,1,1,533
1987,1,10,41785
1987,1,2,282
1987,1,3,290
1987,1,4,411
1987,1,5,748
1987,1,6,1629
1987,1,7,4085
1987,1,8,19107
1987,1,9,163135
1987,1,99,73043
1987,10,0,189
1987,10,1,554
1987,10,10,44361
1987,10,2,260
1987,10,3,276
1987,10,4,437
1987,10,5,775
1987,10,6,1609
1987,10,7,4135
1987,10,8,19749
1987,10,9,176663
1987,10,99,77726
1987,11,0,190
1987,11,1,522
1987,11,10,40721
1987,11,2,258
1987,11,3,265
1987,11,4,370
1987,11,5,735
1987,11,6,1496
1987,11,7,3846
1987,11,8,18455
1987,11,9,166528
1987,11,99,73271
1987,12,0,183
1987,12,1,476
1987,12,10,42357
1987,12,2,222
1987,12,3,289
1987,12,4,409
1987,12,5,727
1987,12,6,1596
1987,12,7,4194
1987,12,8,18951
1987,12,9,174430
1987,12,99,76738
1987,2,0,182
1987,2,1,478
1987,2,10,39111
1987,2,2,240
1987,2,3,203
1987,2,4,346
1987,2,5,710
1987,2,6,1459
1987,2,7,3733
1987,2,8,17707
1987,2,9,152413
1987,2,99,67181
1987,3,0,190
1987,3,1,551
1987,3,10,43535
1987,3,2,270
1987,3,3,270
1987,3,4,405
1987,3,5,695
1987,3,6,1643
1987,3,7,4219
1987,3,8,19992
1987,3,9,170940
1987,3,99,75071
1987,4,0,194
1987,4,1,523
1987,4,10,42200
1987,4,2,251
1987,4,3,279
1987,4,4,425
1987,4,5,691
1987,4,6,1589
1987,4,7,4034
1987,4,8,19499
1987,4,9,165709
1987,4,99,72672
1987,5,0,223
1987,5,1,601
1987,5,10,44028
1987,5,2,272
1987,5,3,302
1987,5,4,418
1987,5,5,740
1987,5,6,1708
1987,5,7,4366
1987,5,8,19872
1987,5,9,173033
1987,5,99,74548
1987,6,0,220
1987,6,1,580
1987,6,10,44763
1987,6,2,304
1987,6,3,310
1987,6,4,435
1987,6,5,757
1987,6,6,1699
1987,6,7,4186
1987,6,8,19425
1987,6,9,173408
1987,6,99,75270
1987,7,0,211
1987,7,1,578
1987,7,10,45567
1987,7,2,301
1987,7,3,303
1987,7,4,409
1987,7,5,789
1987,7,6,1758
1987,7,7,4355
1987,7,8,20741
1987,7,9,182065
1987,7,99,79641
1987,8,0,204
1987,8,1,561
1987,8,10,44690
1987,8,2,294
1987,8,3,276
1987,8,4,430
1987,8,5,813
1987,8,6,1710
1987,8,7,4248
1987,8,8,20149
1987,8,9,179351
1987,8,99,78962
1987,9,0,196
1987,9,1,596
1987,9,10,45503
1987,9,2,301
1987,9,3,304
1987,9,4,389
1987,9,5,741
1987,9,6,1615
1987,9,7,4229
1987,9,8,19940
1987,9,9,181019
1987,9,99,79602
2000,1,0,216
2000,1,1,457
2000,1,10,19856
2000,1,2,218
2000,1,3,271
2000,1,4,365
2000,1,5,605
2000,1,6,1545
2000,1,7,3921
2000,1,8,17987
2000,1,9,210510
2000,1,99,74562
2000,10,0,219
2000,10,1,495
2000,10,10,19601
2000,10,2,217
2000,10,3,238
2000,10,4,370
2000,10,5,697
2000,10,6,1556
2000,10,7,3927
2000,10,8,18380
2000,10,9,219328
2000,10,99,79361
2000,11,0,167
2000,11,1,495
2000,11,10,18610
2000,11,2,181
2000,11,3,240
2000,11,4,337
2000,11,5,643
2000,11,6,1474
2000,11,7,3704
2000,11,8,17636
2000,11,9,214159
2000,11,99,76646
2000,12,0,208
2000,12,1,478
2000,12,10,18862
2000,12,2,242
2000,12,3,235
2000,12,4,380
2000,12,5,644
2000,12,6,1488
2000,12,7,3816
2000,12,8,18011
2000,12,9,215920
2000,12,99,76909
2000,2,0,197
2000,2,1,442
2000,2,10,19069
2000,2,2,215
2000,2,3,214
2000,2,4,352
2000,2,5,624
2000,2,6,1414
2000,2,7,3693
2000,2,8,17388
2000,2,9,203510
2000,2,99,70573
2000,3,0,207
2000,3,1,490
2000,3,10,20057
2000,3,2,219
2000,3,3,278
2000,3,4,343
2000,3,5,627
2000,3,6,1526
2000,3,7,4026
2000,3,8,18634
2000,3,9,218592
2000,3,99,75933
2000,4,0,190
2000,4,1,534
2000,4,10,18343
2000,4,2,224
2000,4,3,228
2000,4,4,360
2000,4,5,625
2000,4,6,1447
2000,4,7,3845
2000,4,8,17745
2000,4,9,204056
2000,4,99,69936
2000,5,0,206
2000,5,1,499
2000,5,10,20032
2000,5,2,220
2000,5,3,247
2000,5,4,385
2000,5,5,664
2000,5,6,1519
2000,5,7,4126
2000,5,8,18527
2000,5,9,219231
2000,5,99,75948
2000,6,0,223
2000,6,1,554
2000,6,10,20276
2000,6,2,204
2000,6,3,278
2000,6,4,351
2000,6,5,722
2000,6,6,1523
2000,6,7,3943
2000,6,8,18785
2000,6,9,219492
2000,6,99,75254
2000,7,0,250
2000,7,1,474
2000,7,10,20359
2000,7,2,226
2000,7,3,283
2000,7,4,370
2000,7,5,737
2000,7,6,1477
2000,7,7,4035
2000,7,8,18904
2000,7,9,224160
2000,7,99,78154
2000,8,0,223
2000,8,1,513
2000,8,10,20833
2000,8,2,221
2000,8,3,240
2000,8,4,370
2000,8,5,723
2000,8,6,1607
2000,8,7,4172
2000,8,8,19232
2000,8,9,231259
2000,8,99,81145
2000,9,0,203
2000,9,1,503
2000,9,10,20071
2000,9,2,214
2000,9,3,241
2000,9,4,377
2000,9,5,647
2000,9,6,1513
2000,9,7,3819
2000,9,8,18467
2000,9,9,222459
2000,9,99,79590
1984,1,0,178
1984,1,1,494
1984,1,10,50881
1984,1,2,302
1984,1,3,315
1984,1,4,454
1984,1,5,761
1984,1,6,1756
1984,1,7,4527
1984,1,8,19110
1984,1,9,137907
1984,1,99,51046
1984,10,0,212
1984,10,1,539
1984,10,10,53004
1984,10,2,306
1984,10,3,317
1984,10,4,481
1984,10,5,825
1984,10,6,1880
1984,10,7,4726
1984,10,8,20594
1984,10,9,155823
1984,10,99,55623
1984,11,0,206
1984,11,1,530
1984,11,10,48064
1984,11,2,289
1984,11,3,285
1984,11,4,457
1984,11,5,819
1984,11,6,1705
1984,11,7,4308
1984,11,8,18820
1984,11,9,144221
1984,11,99,51707
1984,12,0,179
1984,12,1,485
1984,12,10,48741
1984,12,2,264
1984,12,3,291
1984,12,4,453
1984,12,5,844
1984,12,6,1727
1984,12,7,4416
1984,12,8,19319
1984,12,9,145947
1984,12,99,53254
1984,2,0,172
1984,2,1,491
1984,2,10,49011
1984,2,2,282
1984,2,3,319
1984,2,4,402
1984,2,5,802
1984,2,6,1650
1984,2,7,4217
1984,2,8,18305
1984,2,9,134671
1984,2,99,48121
1984,3,0,216
1984,3,1,540
1984,3,10,51657
1984,3,2,324
1984,3,3,340
1984,3,4,433
1984,3,5,858
1984,3,6,1800
1984,3,7,4480
1984,3,8,20017
1984,3,9,146884
1984,3,99,51001
1984,4,0,212
1984,4,1,527
1984,4,10,48140
1984,4,2,307
1984,4,3,309
1984,4,4,467
1984,4,5,777
1984,4,6,1742
1984,4,7,4296
1984,4,8,18780
1984,4,9,137708
1984,4,99,48480
1984,5,0,193
1984,5,1,575
1984,5,10,50765
1984,5,2,302
1984,5,3,340
1984,5,4,493
1984,5,5,808
1984,5,6,1760
1984,5,7,4417
1984,5,8,19792
1984,5,9,144244
1984,5,99,50485
1984,6,0,193
1984,6,1,590
1984,6,10,50912
1984,6,2,325
1984,6,3,348
1984,6,4,447
1984,6,5,785
1984,6,6,1788
1984,6,7,4524
1984,6,8,19514
1984,6,9,144430
1984,6,99,50269
1984,7,0,223
1984,7,1,547
1984,7,10,54645
1984,7,2,341
1984,7,3,364
1984,7,4,477
1984,7,5,935
1984,7,6,1902
1984,7,7,4842
1984,7,8,21055
1984,7,9,157551
1984,7,99,55707
1984,8,0,212
1984,8,1,598
1984,8,10,56260
1984,8,2,327
1984,8,3,355
1984,8,4,481
1984,8,5,963
1984,8,6,1895
1984,8,7,4859
1984,8,8,21360
1984,8,9,161583
1984,8,99,58322
1984,9,0,234
1984,9,1,549
1984,9,10,54378
1984,9,2,309
1984,9,3,315
1984,9,4,413
1984,9,5,851
1984,9,6,1765
1984,9,7,4464
1984,9,8,20493
1984,9,9,157754
1984,9,99,57113
2012,1,0,139
2012,1,1,711
2012,1,10,10655
2012,1,2,514
2012,1,3,543
2012,1,4,713
2012,1,5,1181
2012,1,6,2154
2012,1,7,5630
2012,1,8,31449
2012,1,9,261781
2012,1,99,1489
2012,10,0,164
2012,10,1,791
2012,10,10,11194
2012,10,2,521
2012,10,3,569
2012,10,4,762
2012,10,5,1254
2012,10,6,2393
2012,10,7,6288
2012,10,8,33687
2012,10,9,287177
2012,10,99,1451
2012,11,0,142
2012,11,1,712
2012,11,10,10487
2012,11,2,506
2012,11,3,519
2012,11,4,780
2012,11,5,1213
2012,11,6,2307
2012,11,7,5899
2012,11,8,32656
2012,11,9,269290
2012,11,99,1299
2012,12,0,133
2012,12,1,780
2012,12,10,10256
2012,12,2,526
2012,12,3,541
2012,12,4,815
2012,12,5,1191
2012,12,6,2286
2012,12,7,6025
2012,12,8,32055
2012,12,9,268844
2012,12,99,1508
2012,2,0,148
2012,2,1,736
2012,2,10,10061
2012,2,2,459
2012,2,3,501
2012,2,4,681
2012,2,5,1051
2012,2,6,2129
2012,2,7,5326
2012,2,8,29789
2012,2,9,252893
2012,2,99,1286
2012,3,0,156
2012,3,1,711
2012,3,10,10641
2012,3,2,500
2012,3,3,543
2012,3,4,677
2012,3,5,1247
2012,3,6,2284
2012,3,7,5872
2012,3,8,32264
2012,3,9,268750
2012,3,99,1299
2012,4,0,146
2012,4,1,775
2012,4,10,10284
2012,4,2,513
2012,4,3,527
2012,4,4,736
2012,4,5,1205
2012,4,6,2175
2012,4,7,5647
2012,4,8,30917
2012,4,9,253045
2012,4,99,1292
2012,5,0,172
2012,5,1,768
2012,5,10,11020
2012,5,2,549
2012,5,3,588
2012,5,4,792
2012,5,5,1205
2012,5,6,2299
2012,5,7,5911
2012,5,8,32892
2012,5,9,273179
2012,5,99,1404
2012,6,0,155
2012,6,1,772
2012,6,10,11023
2012,6,2,526
2012,6,3,534
2012,6,4,763
2012,6,5,1202
2012,6,6,2336
2012,6,7,6042
2012,6,8,32624
2012,6,9,270438
2012,6,99,1396
2012,7,0,157
2012,7,1,779
2012,7,10,11970
2012,7,2,561
2012,7,3,551
2012,7,4,856
2012,7,5,1340
2012,7,6,2492
2012,7,7,6321
2012,7,8,34541
2012,7,9,287072
2012,7,99,1517
2012,8,0,164
2012,8,1,816
2012,8,10,11655
2012,8,2,610
2012,8,3,625
2012,8,4,825
2012,8,5,1398
2012,8,6,2539
2012,8,7,6414
2012,8,8,36219
2012,8,9,299129
2012,8,99,1508
2012,9,0,127
2012,9,1,786
2012,9,10,11457
2012,9,2,544
2012,9,3,514
2012,9,4,793
2012,9,5,1273
2012,9,6,2330
2012,9,7,6059
2012,9,8,33525
2012,9,9,282083
2012,9,99,1410
2016,1,0,169
2016,1,1,712
2016,1,10,7861
2016,1,2,520
2016,1,3,567
2016,1,4,800
2016,1,5,1276
2016,1,6,2382
2016,1,7,5999
2016,1,8,32842
2016,1,9,262986
2016,1,99,1331
2016,10,0,147
2016,10,1,724
2016,10,10,7911
2016,10,2,528
2016,10,3,574
2016,10,4,807
2016,10,5,1327
2016,10,6,2398
2016,10,7,6221
2016,10,8,33216
2016,10,9,276638
2016,10,99,1448
2016,11,0,126
2016,11,1,698
2016,11,10,7617
2016,11,2,531
2016,11,3,572
2016,11,4,767
2016,11,5,1325
2016,11,6,2335
2016,11,7,5972
2016,11,8,32200
2016,11,9,266897
2016,11,99,1218
2016,12,0,133
2016,12,1,651
2016,12,10,7464
2016,12,2,517
2016,12,3,542
2016,12,4,816
2016,12,5,1406
2016,12,6,2497
2016,12,7,6132
2016,12,8,32805
2016,12,9,271237
2016,12,99,1362
2016,2,0,147
2016,2,1,629
2016,2,10,7706
2016,2,2,481
2016,2,3,557
2016,2,4,746
2016,2,5,1279
2016,2,6,2319
2016,2,7,5779
2016,2,8,31783
2016,2,9,254093
2016,2,99,1231
2016,3,0,133
2016,3,1,772
2016,3,10,8133
2016,3,2,564
2016,3,3,572
2016,3,4,785
2016,3,5,1388
2016,3,6,2537
2016,3,7,6198
2016,3,8,33964
2016,3,9,273021
2016,3,99,1274
2016,4,0,144
2016,4,1,728
2016,4,10,7815
2016,4,2,543
2016,4,3,579
2016,4,4,810
2016,4,5,1285
2016,4,6,2467
2016,4,7,6061
2016,4,8,32531
2016,4,9,260096
2016,4,99,1253
2016,5,0,163
2016,5,1,732
2016,5,10,8062
2016,5,2,508
2016,5,3,605
2016,5,4,783
2016,5,5,1277
2016,5,6,2553
2016,5,7,6268
2016,5,8,34043
2016,5,9,272118
2016,5,99,1322
2016,6,0,155
2016,6,1,703
2016,6,10,8215
2016,6,2,580
2016,6,3,576
2016,6,4,775
2016,6,5,1413
2016,6,6,2494
2016,6,7,6231
2016,6,8,34156
2016,6,9,276521
2016,6,99,1347
2016,7,0,167
2016,7,1,777
2016,7,10,8419
2016,7,2,563
2016,7,3,605
2016,7,4,846
2016,7,5,1409
2016,7,6,2658
2016,7,7,6510
2016,7,8,35897
2016,7,9,284372
2016,7,99,1420
2016,8,0,179
2016,8,1,750
2016,8,10,8657
2016,8,2,587
2016,8,3,655
2016,8,4,877
2016,8,5,1445
2016,8,6,2613
2016,8,7,6786
2016,8,8,36923
2016,8,9,297803
2016,8,99,1462
2016,9,0,176
2016,9,1,709
2016,9,10,8276
2016,9,2,549
2016,9,3,606
2016,9,4,757
2016,9,5,1374
2016,9,6,2614
2016,9,7,6516
2016,9,8,34683
2016,9,9,288845
2016,9,99,1420
2017,1,0,158
2017,1,1,731
2017,1,10,7381
2017,1,2,520
2017,1,3,508
2017,1,4,773
2017,1,5,1328
2017,1,6,2425
2017,1,7,5915
2017,1,8,31706
2017,1,9,261904
2017,1,99,1248
2017,10,0,147
2017,10,1,690
2017,10,10,7615
2017,10,2,543
2017,10,3,598
2017,10,4,799
2017,10,5,1329
2017,10,6,2439
2017,10,7,6122
2017,10,8,32973
2017,10,9,276257
2017,10,99,1250
2017,11,0,127
2017,11,1,663
2017,11,10,7026
2017,11,2,491
2017,11,3,554
2017,11,4,749
2017,11,5,1321
2017,11,6,2411
2017,11,7,5897
2017,11,8,31346
2017,11,9,265543
2017,11,99,1152
2017,12,0,151
2017,12,1,686
2017,12,10,6876
2017,12,2,452
2017,12,3,518
2017,12,4,754
2017,12,5,1184
2017,12,6,2428
2017,12,7,5976
2017,12,8,31569
2017,12,9,264796
2017,12,99,1348
2017,2,0,133
2017,2,1,611
2017,2,10,6887
2017,2,2,451
2017,2,3,461
2017,2,4,641
2017,2,5,1166
2017,2,6,2178
2017,2,7,5455
2017,2,8,29238
2017,2,9,241309
2017,2,99,1164
2017,3,0,132
2017,3,1,690
2017,3,10,7503
2017,3,2,515
2017,3,3,583
2017,3,4,731
2017,3,5,1270
2017,3,6,2392
2017,3,7,6002
2017,3,8,32289
2017,3,9,266986
2017,3,99,1234
2017,4,0,157
2017,4,1,692
2017,4,10,7007
2017,4,2,526
2017,4,3,565
2017,4,4,711
2017,4,5,1279
2017,4,6,2371
2017,4,7,5827
2017,4,8,30578
2017,4,9,249919
2017,4,99,1169
2017,5,0,151
2017,5,1,703
2017,5,10,7446
2017,5,2,499
2017,5,3,569
2017,5,4,776
2017,5,5,1363
2017,5,6,2543
2017,5,7,6204
2017,5,8,33060
2017,5,9,268671
2017,5,99,1184
2017,6,0,160
2017,6,1,714
2017,6,10,7623
2017,6,2,541
2017,6,3,568
2017,6,4,756
2017,6,5,1323
2017,6,6,2648
2017,6,7,6239
2017,6,8,33048
2017,6,9,269900
2017,6,99,1113
2017,7,0,150
2017,7,1,672
2017,7,10,7658
2017,7,2,514
2017,7,3,609
2017,7,4,819
2017,7,5,1359
2017,7,6,2590
2017,7,7,6427
2017,7,8,34169
2017,7,9,279514
2017,7,99,1227
2017,8,0,135
2017,8,1,765
2017,8,10,8261
2017,8,2,574
2017,8,3,606
2017,8,4,851
2017,8,5,1422
2017,8,6,2744
2017,8,7,6827
2017,8,8,35916
2017,8,9,293609
2017,8,99,1323
2017,9,0,134
2017,9,1,717
2017,9,10,7717
2017,9,2,556
2017,9,3,591
2017,9,4,779
2017,9,5,1294
2017,9,6,2528
2017,9,7,6503
2017,9,8,33638
2017,9,9,282231
2017,9,99,1324
1981,1,0,177
1981,1,1,462
1981,1,10,67698
1981,1,2,306
1981,1,3,348
1981,1,4,499
1981,1,5,854
1981,1,6,1761
1981,1,7,4395
1981,1,8,17809
1981,1,9,122319
1981,1,99,53405
1981,10,0,195
1981,10,1,566
1981,10,10,67874
1981,10,2,380
1981,10,3,350
1981,10,4,505
1981,10,5,951
1981,10,6,1832
1981,10,7,4535
1981,10,8,19141
1981,10,9,132282
1981,10,99,53973
1981,11,0,155
1981,11,1,501
1981,11,10,62584
1981,11,2,328
1981,11,3,308
1981,11,4,468
1981,11,5,822
1981,11,6,1731
1981,11,7,4244
1981,11,8,18081
1981,11,9,125324
1981,11,99,51096
1981,12,0,167
1981,12,1,487
1981,12,10,65575
1981,12,2,335
1981,12,3,341
1981,12,4,510
1981,12,5,931
1981,12,6,1868
1981,12,7,4387
1981,12,8,18797
1981,12,9,131636
1981,12,99,52519
1981,2,0,165
1981,2,1,439
1981,2,10,62235
1981,2,2,282
1981,2,3,316
1981,2,4,409
1981,2,5,793
1981,2,6,1666
1981,2,7,3929
1981,2,8,16539
1981,2,9,114231
1981,2,99,48997
1981,3,0,206
1981,3,1,491
1981,3,10,68279
1981,3,2,377
1981,3,3,337
1981,3,4,472
1981,3,5,914
1981,3,6,1838
1981,3,7,4345
1981,3,8,18621
1981,3,9,127818
1981,3,99,51924
1981,4,0,187
1981,4,1,541
1981,4,10,64449
1981,4,2,373
1981,4,3,339
1981,4,4,472
1981,4,5,847
1981,4,6,1768
1981,4,7,4284
1981,4,8,17799
1981,4,9,121287
1981,4,99,48492
1981,5,0,199
1981,5,1,518
1981,5,10,66230
1981,5,2,364
1981,5,3,355
1981,5,4,479
1981,5,5,862
1981,5,6,1865
1981,5,7,4360
1981,5,8,18303
1981,5,9,126137
1981,5,99,51159
1981,6,0,185
1981,6,1,547
1981,6,10,66361
1981,6,2,376
1981,6,3,347
1981,6,4,501
1981,6,5,907
1981,6,6,1903
1981,6,7,4481
1981,6,8,18544
1981,6,9,126768
1981,6,99,51277
1981,7,0,191
1981,7,1,592
1981,7,10,73094
1981,7,2,390
1981,7,3,405
1981,7,4,550
1981,7,5,983
1981,7,6,2021
1981,7,7,4824
1981,7,8,20321
1981,7,9,139586
1981,7,99,55995
1981,8,0,185
1981,8,1,572
1981,8,10,73570
1981,8,2,393
1981,8,3,429
1981,8,4,505
1981,8,5,974
1981,8,6,1952
1981,8,7,4683
1981,8,8,20279
1981,8,9,141163
1981,8,99,57280
1981,9,0,184
1981,9,1,570
1981,9,10,70802
1981,9,2,349
1981,9,3,349
1981,9,4,466
1981,9,5,898
1981,9,6,1901
1981,9,7,4594
1981,9,8,19311
1981,9,9,137627
1981,9,99,55765
2013,1,0,145
2013,1,1,747
2013,1,10,9813
2013,1,2,566
2013,1,3,523
2013,1,4,771
2013,1,5,1328
2013,1,6,2295
2013,1,7,6191
2013,1,8,32874
2013,1,9,267603
2013,1,99,1458
2013,10,0,166
2013,10,1,834
2013,10,10,10159
2013,10,2,569
2013,10,3,667
2013,10,4,818
2013,10,5,1376
2013,10,6,2473
2013,10,7,6766
2013,10,8,35232
2013,10,9,280803
2013,10,99,1490
2013,11,0,107
2013,11,1,721
2013,11,10,9357
2013,11,2,555
2013,11,3,569
2013,11,4,788
2013,11,5,1384
2013,11,6,2401
2013,11,7,6097
2013,11,8,32854
2013,11,9,263005
2013,11,99,1395
2013,12,0,151
2013,12,1,737
2013,12,10,9867
2013,12,2,606
2013,12,3,585
2013,12,4,828
2013,12,5,1408
2013,12,6,2532
2013,12,7,6330
2013,12,8,35069
2013,12,9,276706
2013,12,99,1501
2013,2,0,123
2013,2,1,666
2013,2,10,8922
2013,2,2,493
2013,2,3,511
2013,2,4,744
2013,2,5,1161
2013,2,6,2127
2013,2,7,5472
2013,2,8,29667
2013,2,9,241224
2013,2,99,1250
2013,3,0,135
2013,3,1,722
2013,3,10,9692
2013,3,2,553
2013,3,3,546
2013,3,4,800
2013,3,5,1274
2013,3,6,2447
2013,3,7,6088
2013,3,8,33057
2013,3,9,264483
2013,3,99,1369
2013,4,0,140
2013,4,1,768
2013,4,10,9548
2013,4,2,530
2013,4,3,552
2013,4,4,738
2013,4,5,1272
2013,4,6,2320
2013,4,7,5905
2013,4,8,32019
2013,4,9,257174
2013,4,99,1308
2013,5,0,172
2013,5,1,794
2013,5,10,10206
2013,5,2,571
2013,5,3,606
2013,5,4,781
2013,5,5,1325
2013,5,6,2458
2013,5,7,6245
2013,5,8,34309
2013,5,9,271360
2013,5,99,1366
2013,6,0,145
2013,6,1,807
2013,6,10,9905
2013,6,2,541
2013,6,3,580
2013,6,4,754
2013,6,5,1340
2013,6,6,2348
2013,6,7,6183
2013,6,8,33603
2013,6,9,262839
2013,6,99,1430
2013,7,0,147
2013,7,1,848
2013,7,10,10731
2013,7,2,575
2013,7,3,632
2013,7,4,861
2013,7,5,1398
2013,7,6,2538
2013,7,7,6642
2013,7,8,36117
2013,7,9,287947
2013,7,99,1484
2013,8,0,154
2013,8,1,778
2013,8,10,10546
2013,8,2,578
2013,8,3,616
2013,8,4,933
2013,8,5,1408
2013,8,6,2575
2013,8,7,6798
2013,8,8,36384
2013,8,9,292030
2013,8,99,1493
2013,9,0,149
2013,9,1,806
2013,9,10,10002
2013,9,2,580
2013,9,3,578
2013,9,4,835
2013,9,5,1409
2013,9,6,2438
2013,9,7,6413
2013,9,8,34844
2013,9,9,279345
2013,9,99,1464
1979,1,0,173
1979,1,1,362
1979,1,10,70893
1979,1,2,310
1979,1,3,313
1979,1,4,440
1979,1,5,800
1979,1,6,1419
1979,1,7,3319
1979,1,8,13852
1979,1,9,92868
1979,1,99,74673
1979,10,0,194
1979,10,1,457
1979,10,10,71873
1979,10,2,339
1979,10,3,322
1979,10,4,481
1979,10,5,858
1979,10,6,1560
1979,10,7,3715
1979,10,8,15609
1979,10,9,105496
1979,10,99,76423
1979,11,0,173
1979,11,1,423
1979,11,10,67009
1979,11,2,317
1979,11,3,284
1979,11,4,428
1979,11,5,789
1979,11,6,1440
1979,11,7,3467
1979,11,8,14527
1979,11,9,100422
1979,11,99,72877
1979,12,0,180
1979,12,1,436
1979,12,10,67168
1979,12,2,339
1979,12,3,344
1979,12,4,391
1979,12,5,809
1979,12,6,1493
1979,12,7,3558
1979,12,8,14775
1979,12,9,101774
1979,12,99,73863
1979,2,0,159
1979,2,1,339
1979,2,10,65293
1979,2,2,258
1979,2,3,298
1979,2,4,380
1979,2,5,727
1979,2,6,1296
1979,2,7,3175
1979,2,8,12841
1979,2,9,87382
1979,2,99,65958
1979,3,0,201
1979,3,1,395
1979,3,10,72308
1979,3,2,336
1979,3,3,303
1979,3,4,418
1979,3,5,783
1979,3,6,1408
1979,3,7,3548
1979,3,8,14314
1979,3,9,97531
1979,3,99,71453
1979,4,0,193
1979,4,1,395
1979,4,10,67597
1979,4,2,306
1979,4,3,310
1979,4,4,392
1979,4,5,752
1979,4,6,1382
1979,4,7,3284
1979,4,8,13723
1979,4,9,91629
1979,4,99,66970
1979,5,0,199
1979,5,1,468
1979,5,10,69897
1979,5,2,346
1979,5,3,300
1979,5,4,438
1979,5,5,799
1979,5,6,1498
1979,5,7,3514
1979,5,8,14323
1979,5,9,98411
1979,5,99,71190
1979,6,0,206
1979,6,1,457
1979,6,10,68978
1979,6,2,320
1979,6,3,348
1979,6,4,404
1979,6,5,772
1979,6,6,1518
1979,6,7,3440
1979,6,8,14209
1979,6,9,96461
1979,6,99,70140
1979,7,0,186
1979,7,1,471
1979,7,10,75806
1979,7,2,378
1979,7,3,373
1979,7,4,457
1979,7,5,840
1979,7,6,1704
1979,7,7,3810
1979,7,8,16043
1979,7,9,106738
1979,7,99,77317
1979,8,0,231
1979,8,1,442
1979,8,10,75596
1979,8,2,328
1979,8,3,313
1979,8,4,463
1979,8,5,936
1979,8,6,1522
1979,8,7,3917
1979,8,8,16400
1979,8,9,109707
1979,8,99,80056
1979,9,0,205
1979,9,1,458
1979,9,10,72882
1979,9,2,373
1979,9,3,353
1979,9,4,416
1979,9,5,843
1979,9,6,1554
1979,9,7,3764
1979,9,8,15474
1979,9,9,106210
1979,9,99,77147
1978,1,0,742
1978,1,1,287
1978,1,10,53252
1978,1,2,224
1978,1,3,232
1978,1,4,294
1978,1,5,641
1978,1,6,1063
1978,1,7,2411
1978,1,8,9940
1978,1,9,63663
1978,1,99,99907
1978,10,0,158
1978,10,1,362
1978,10,10,59922
1978,10,2,280
1978,10,3,287
1978,10,4,381
1978,10,5,677
1978,10,6,1372
1978,10,7,3100
1978,10,8,12520
1978,10,9,83905
1978,10,99,85690
1978,11,0,135
1978,11,1,329
1978,11,10,56915
1978,11,2,249
1978,11,3,260
1978,11,4,342
1978,11,5,663
1978,11,6,1294
1978,11,7,2783
1978,11,8,12050
1978,11,9,80299
1978,11,99,80782
1978,12,0,104
1978,12,1,309
1978,12,10,58022
1978,12,2,265
1978,12,3,264
1978,12,4,377
1978,12,5,729
1978,12,6,1304
1978,12,7,3012
1978,12,8,12425
1978,12,9,83733
1978,12,99,84541
1978,2,0,200
1978,2,1,279
1978,2,10,53672
1978,2,2,229
1978,2,3,237
1978,2,4,306
1978,2,5,563
1978,2,6,1115
1978,2,7,2497
1978,2,8,10474
1978,2,9,67670
1978,2,99,77496
1978,3,0,246
1978,3,1,314
1978,3,10,60795
1978,3,2,288
1978,3,3,254
1978,3,4,322
1978,3,5,620
1978,3,6,1223
1978,3,7,2798
1978,3,8,11724
1978,3,9,78482
1978,3,99,80676
1978,4,0,148
1978,4,1,332
1978,4,10,55739
1978,4,2,263
1978,4,3,273
1978,4,4,326
1978,4,5,630
1978,4,6,1180
1978,4,7,2678
1978,4,8,10953
1978,4,9,72796
1978,4,99,73256
1978,5,0,150
1978,5,1,375
1978,5,10,58847
1978,5,2,258
1978,5,3,269
1978,5,4,391
1978,5,5,695
1978,5,6,1269
1978,5,7,2946
1978,5,8,11707
1978,5,9,77906
1978,5,99,77929
1978,6,0,158
1978,6,1,347
1978,6,10,58939
1978,6,2,279
1978,6,3,275
1978,6,4,331
1978,6,5,678
1978,6,6,1267
1978,6,7,2901
1978,6,8,11715
1978,6,9,77784
1978,6,99,78025
1978,7,0,141
1978,7,1,346
1978,7,10,64005
1978,7,2,324
1978,7,3,282
1978,7,4,352
1978,7,5,711
1978,7,6,1370
1978,7,7,3062
1978,7,8,12633
1978,7,9,84871
1978,7,99,85549
1978,8,0,152
1978,8,1,378
1978,8,10,64189
1978,8,2,288
1978,8,3,269
1978,8,4,333
1978,8,5,730
1978,8,6,1348
1978,8,7,3151
1978,8,8,12957
1978,8,9,87470
1978,8,99,89181
1978,9,0,154
1978,9,1,337
1978,9,10,61573
1978,9,2,260
1978,9,3,293
1978,9,4,352
1978,9,5,666
1978,9,6,1305
1978,9,7,2984
1978,9,8,12402
1978,9,9,85268
1978,9,99,87009
1982,1,0,173
1982,1,1,527
1982,1,10,62924
1982,1,2,295
1982,1,3,369
1982,1,4,500
1982,1,5,859
1982,1,6,1839
1982,1,7,4597
1982,1,8,18790
1982,1,9,130721
1982,1,99,51955
1982,10,0,172
1982,10,1,541
1982,10,10,62691
1982,10,2,356
1982,10,3,333
1982,10,4,504
1982,10,5,954
1982,10,6,1860
1982,10,7,4807
1982,10,8,20128
1982,10,9,140361
1982,10,99,55364
1982,11,0,160
1982,11,1,567
1982,11,10,58507
1982,11,2,321
1982,11,3,365
1982,11,4,463
1982,11,5,908
1982,11,6,1795
1982,11,7,4346
1982,11,8,19013
1982,11,9,132492
1982,11,99,52263
1982,12,0,144
1982,12,1,496
1982,12,10,58432
1982,12,2,335
1982,12,3,322
1982,12,4,481
1982,12,5,865
1982,12,6,1817
1982,12,7,4480
1982,12,8,19117
1982,12,9,135184
1982,12,99,53266
1982,2,0,175
1982,2,1,491
1982,2,10,58624
1982,2,2,308
1982,2,3,311
1982,2,4,411
1982,2,5,805
1982,2,6,1687
1982,2,7,4164
1982,2,8,17549
1982,2,9,122137
1982,2,99,47605
1982,3,0,167
1982,3,1,589
1982,3,10,63574
1982,3,2,343
1982,3,3,347
1982,3,4,496
1982,3,5,904
1982,3,6,1935
1982,3,7,4702
1982,3,8,19932
1982,3,9,135706
1982,3,99,52059
1982,4,0,175
1982,4,1,599
1982,4,10,59456
1982,4,2,334
1982,4,3,328
1982,4,4,440
1982,4,5,897
1982,4,6,1683
1982,4,7,4278
1982,4,8,18565
1982,4,9,131136
1982,4,99,49528
1982,5,0,183
1982,5,1,629
1982,5,10,63049
1982,5,2,375
1982,5,3,348
1982,5,4,489
1982,5,5,900
1982,5,6,1931
1982,5,7,4566
1982,5,8,19624
1982,5,9,136730
1982,5,99,52297
1982,6,0,162
1982,6,1,538
1982,6,10,62808
1982,6,2,383
1982,6,3,359
1982,6,4,500
1982,6,5,883
1982,6,6,1922
1982,6,7,4615
1982,6,8,20136
1982,6,9,137322
1982,6,99,52813
1982,7,0,159
1982,7,1,583
1982,7,10,67636
1982,7,2,364
1982,7,3,403
1982,7,4,565
1982,7,5,1021
1982,7,6,2053
1982,7,7,4796
1982,7,8,20912
1982,7,9,146355
1982,7,99,56707
1982,8,0,203
1982,8,1,550
1982,8,10,66328
1982,8,2,391
1982,8,3,388
1982,8,4,531
1982,8,5,1002
1982,8,6,1955
1982,8,7,4918
1982,8,8,21027
1982,8,9,146645
1982,8,99,58058
1982,9,0,183
1982,9,1,582
1982,9,10,65931
1982,9,2,352
1982,9,3,381
1982,9,4,518
1982,9,5,921
1982,9,6,1850
1982,9,7,4673
1982,9,8,20701
1982,9,9,145806
1982,9,99,57604
2009,1,0,161
2009,1,1,729
2009,1,10,12578
2009,1,2,489
2009,1,3,472
2009,1,4,630
2009,1,5,1244
2009,1,6,2268
2009,1,7,5943
2009,1,8,32476
2009,1,9,279258
2009,1,99,2323
2009,10,0,214
2009,10,1,745
2009,10,10,12167
2009,10,2,448
2009,10,3,533
2009,10,4,754
2009,10,5,1127
2009,10,6,2356
2009,10,7,6063
2009,10,8,34067
2009,10,9,287743
2009,10,99,2001
2009,11,0,180
2009,11,1,654
2009,11,10,11476
2009,11,2,430
2009,11,3,469
2009,11,4,671
2009,11,5,1093
2009,11,6,2062
2009,11,7,5518
2009,11,8,30897
2009,11,9,265651
2009,11,99,1680
2009,12,0,207
2009,12,1,750
2009,12,10,11933
2009,12,2,468
2009,12,3,546
2009,12,4,668
2009,12,5,1145
2009,12,6,2143
2009,12,7,5952
2009,12,8,32919
2009,12,9,283062
2009,12,99,1824
2009,2,0,149
2009,2,1,691
2009,2,10,11775
2009,2,2,433
2009,2,3,463
2009,2,4,593
2009,2,5,1146
2009,2,6,2032
2009,2,7,5443
2009,2,8,30388
2009,2,9,262223
2009,2,99,1833
2009,3,0,186
2009,3,1,784
2009,3,10,12710
2009,3,2,511
2009,3,3,517
2009,3,4,727
2009,3,5,1216
2009,3,6,2281
2009,3,7,5992
2009,3,8,33528
2009,3,9,287885
2009,3,99,2012
2009,4,0,178
2009,4,1,829
2009,4,10,12170
2009,4,2,529
2009,4,3,504
2009,4,4,704
2009,4,5,1320
2009,4,6,2295
2009,4,7,6187
2009,4,8,34423
2009,4,9,276779
2009,4,99,1897
2009,5,0,179
2009,5,1,756
2009,5,10,12217
2009,5,2,495
2009,5,3,518
2009,5,4,690
2009,5,5,1311
2009,5,6,2285
2009,5,7,6321
2009,5,8,34773
2009,5,9,284242
2009,5,99,2034
2009,6,0,167
2009,6,1,711
2009,6,10,12492
2009,6,2,449
2009,6,3,546
2009,6,4,708
2009,6,5,1172
2009,6,6,2378
2009,6,7,6235
2009,6,8,35164
2009,6,9,285563
2009,6,99,1952
2009,7,0,181
2009,7,1,807
2009,7,10,13507
2009,7,2,548
2009,7,3,532
2009,7,4,782
2009,7,5,1278
2009,7,6,2475
2009,7,7,6554
2009,7,8,36728
2009,7,9,303746
2009,7,99,1979
2009,8,0,165
2009,8,1,746
2009,8,10,13262
2009,8,2,554
2009,8,3,544
2009,8,4,682
2009,8,5,1149
2009,8,6,2388
2009,8,7,6329
2009,8,8,35252
2009,8,9,297055
2009,8,99,2100
2009,9,0,221
2009,9,1,732
2009,9,10,13011
2009,9,2,468
2009,9,3,530
2009,9,4,730
2009,9,5,1198
2009,9,6,2292
2009,9,7,6287
2009,9,8,34995
2009,9,9,300036
2009,9,99,2115
2004,1,0,150
2004,1,1,550
2004,1,10,14524
2004,1,2,254
2004,1,3,282
2004,1,4,405
2004,1,5,740
2004,1,6,1558
2004,1,7,4284
2004,1,8,21054
2004,1,9,212746
2004,1,99,76861
2004,10,0,158
2004,10,1,559
2004,10,10,14854
2004,10,2,275
2004,10,3,264
2004,10,4,410
2004,10,5,752
2004,10,6,1707
2004,10,7,4263
2004,10,8,21422
2004,10,9,221843
2004,10,99,82603
2004,11,0,138
2004,11,1,479
2004,11,10,14028
2004,11,2,283
2004,11,3,278
2004,11,4,438
2004,11,5,694
2004,11,6,1501
2004,11,7,4039
2004,11,8,20242
2004,11,9,215098
2004,11,99,79091
2004,12,0,143
2004,12,1,503
2004,12,10,14836
2004,12,2,269
2004,12,3,337
2004,12,4,419
2004,12,5,729
2004,12,6,1585
2004,12,7,4050
2004,12,8,21207
2004,12,9,222089
2004,12,99,80497
2004,2,0,132
2004,2,1,515
2004,2,10,13981
2004,2,2,244
2004,2,3,301
2004,2,4,390
2004,2,5,737
2004,2,6,1509
2004,2,7,4055
2004,2,8,19962
2004,2,9,203334
2004,2,99,71150
2004,3,0,154
2004,3,1,558
2004,3,10,15019
2004,3,2,301
2004,3,3,290
2004,3,4,393
2004,3,5,775
2004,3,6,1641
2004,3,7,4467
2004,3,8,22508
2004,3,9,222815
2004,3,99,77933
2004,4,0,158
2004,4,1,515
2004,4,10,14349
2004,4,2,214
2004,4,3,277
2004,4,4,381
2004,4,5,736
2004,4,6,1636
2004,4,7,4372
2004,4,8,21373
2004,4,9,214964
2004,4,99,74883
2004,5,0,138
2004,5,1,561
2004,5,10,14477
2004,5,2,262
2004,5,3,271
2004,5,4,383
2004,5,5,783
2004,5,6,1613
2004,5,7,4210
2004,5,8,21314
2004,5,9,218357
2004,5,99,75799
2004,6,0,135
2004,6,1,508
2004,6,10,14909
2004,6,2,276
2004,6,3,266
2004,6,4,416
2004,6,5,764
2004,6,6,1605
2004,6,7,4234
2004,6,8,21541
2004,6,9,223103
2004,6,99,77641
2004,7,0,147
2004,7,1,580
2004,7,10,15360
2004,7,2,320
2004,7,3,360
2004,7,4,437
2004,7,5,753
2004,7,6,1706
2004,7,7,4467
2004,7,8,22722
2004,7,9,231376
2004,7,99,81822
2004,8,0,150
2004,8,1,570
2004,8,10,15066
2004,8,2,283
2004,8,3,317
2004,8,4,415
2004,8,5,795
2004,8,6,1682
2004,8,7,4575
2004,8,8,22428
2004,8,9,226623
2004,8,99,83171
2004,9,0,145
2004,9,1,528
2004,9,10,15240
2004,9,2,281
2004,9,3,303
2004,9,4,436
2004,9,5,730
2004,9,6,1701
2004,9,7,4298
2004,9,8,21489
2004,9,9,227165
2004,9,99,84387
2003,1,0,177
2003,1,1,485
2003,1,10,15755
2003,1,2,262
2003,1,3,283
2003,1,4,375
2003,1,5,658
2003,1,6,1620
2003,1,7,4013
2003,1,8,19589
2003,1,9,210928
2003,1,99,76159
2003,10,0,205
2003,10,1,551
2003,10,10,16182
2003,10,2,240
2003,10,3,279
2003,10,4,374
2003,10,5,632
2003,10,6,1529
2003,10,7,4026
2003,10,8,19520
2003,10,9,229573
2003,10,99,81472
2003,11,0,153
2003,11,1,479
2003,11,10,14388
2003,11,2,225
2003,11,3,207
2003,11,4,326
2003,11,5,612
2003,11,6,1372
2003,11,7,3681
2003,11,8,17777
2003,11,9,207617
2003,11,99,73780
2003,12,0,181
2003,12,1,503
2003,12,10,15543
2003,12,2,231
2003,12,3,256
2003,12,4,354
2003,12,5,712
2003,12,6,1489
2003,12,7,3890
2003,12,8,19081
2003,12,9,222045
2003,12,99,79784
2003,2,0,162
2003,2,1,459
2003,2,10,14511
2003,2,2,200
2003,2,3,224
2003,2,4,309
2003,2,5,635
2003,2,6,1417
2003,2,7,3612
2003,2,8,17934
2003,2,9,198232
2003,2,99,69967
2003,3,0,181
2003,3,1,498
2003,3,10,16002
2003,3,2,252
2003,3,3,274
2003,3,4,348
2003,3,5,679
2003,3,6,1515
2003,3,7,4051
2003,3,8,19888
2003,3,9,217030
2003,3,99,76700
2003,4,0,173
2003,4,1,487
2003,4,10,15719
2003,4,2,255
2003,4,3,259
2003,4,4,364
2003,4,5,650
2003,4,6,1479
2003,4,7,3890
2003,4,8,18914
2003,4,9,213945
2003,4,99,74454
2003,5,0,183
2003,5,1,533
2003,5,10,15945
2003,5,2,220
2003,5,3,264
2003,5,4,395
2003,5,5,713
2003,5,6,1574
2003,5,7,4294
2003,5,8,19878
2003,5,9,225008
2003,5,99,78218
2003,6,0,185
2003,6,1,560
2003,6,10,15907
2003,6,2,260
2003,6,3,268
2003,6,4,367
2003,6,5,648
2003,6,6,1520
2003,6,7,3906
2003,6,8,19557
2003,6,9,218986
2003,6,99,75780
2003,7,0,211
2003,7,1,548
2003,7,10,17181
2003,7,2,248
2003,7,3,276
2003,7,4,390
2003,7,5,767
2003,7,6,1620
2003,7,7,4264
2003,7,8,20571
2003,7,9,235757
2003,7,99,82967
2003,8,0,184
2003,8,1,501
2003,8,10,16957
2003,8,2,260
2003,8,3,265
2003,8,4,393
2003,8,5,702
2003,8,6,1549
2003,8,7,4094
2003,8,8,20316
2003,8,9,232793
2003,8,99,82669
2003,9,0,166
2003,9,1,514
2003,9,10,16848
2003,9,2,224
2003,9,3,256
2003,9,4,369
2003,9,5,665
2003,9,6,1530
2003,9,7,4114
2003,9,8,19762
2003,9,9,233152
2003,9,99,82598
1999,1,0,201
1999,1,1,430
1999,1,10,20270
1999,1,2,192
1999,1,3,228
1999,1,4,394
1999,1,5,646
1999,1,6,1473
1999,1,7,3797
1999,1,8,17540
1999,1,9,201881
1999,1,99,72442
1999,10,0,203
1999,10,1,495
1999,10,10,20742
1999,10,2,210
1999,10,3,241
1999,10,4,375
1999,10,5,615
1999,10,6,1509
1999,10,7,3929
1999,10,8,18021
1999,10,9,211669
1999,10,99,75342
1999,11,0,212
1999,11,1,427
1999,11,10,19139
1999,11,2,230
1999,11,3,230
1999,11,4,313
1999,11,5,627
1999,11,6,1462
1999,11,7,3588
1999,11,8,17264
1999,11,9,200408
1999,11,99,71767
1999,12,0,210
1999,12,1,473
1999,12,10,19931
1999,12,2,210
1999,12,3,230
1999,12,4,333
1999,12,5,664
1999,12,6,1555
1999,12,7,3824
1999,12,8,18018
1999,12,9,212627
1999,12,99,75545
1999,2,0,200
1999,2,1,438
1999,2,10,18981
1999,2,2,184
1999,2,3,204
1999,2,4,326
1999,2,5,582
1999,2,6,1301
1999,2,7,3478
1999,2,8,16508
1999,2,9,188900
1999,2,99,66730
1999,3,0,220
1999,3,1,535
1999,3,10,20828
1999,3,2,224
1999,3,3,212
1999,3,4,359
1999,3,5,666
1999,3,6,1561
1999,3,7,3930
1999,3,8,18637
1999,3,9,212671
1999,3,99,73379
1999,4,0,144
1999,4,1,463
1999,4,10,19989
1999,4,2,226
1999,4,3,224
1999,4,4,348
1999,4,5,630
1999,4,6,1438
1999,4,7,3791
1999,4,8,17823
1999,4,9,202381
1999,4,99,69700
1999,5,0,195
1999,5,1,502
1999,5,10,20892
1999,5,2,220
1999,5,3,234
1999,5,4,330
1999,5,5,654
1999,5,6,1506
1999,5,7,4035
1999,5,8,18078
1999,5,9,210858
1999,5,99,71302
1999,6,0,199
1999,6,1,515
1999,6,10,20815
1999,6,2,233
1999,6,3,253
1999,6,4,355
1999,6,5,664
1999,6,6,1559
1999,6,7,3946
1999,6,8,18525
1999,6,9,212668
1999,6,99,72784
1999,7,0,190
1999,7,1,512
1999,7,10,22096
1999,7,2,229
1999,7,3,235
1999,7,4,391
1999,7,5,667
1999,7,6,1585
1999,7,7,4198
1999,7,8,19366
1999,7,9,223082
1999,7,99,77675
1999,8,0,189
1999,8,1,484
1999,8,10,21725
1999,8,2,223
1999,8,3,237
1999,8,4,405
1999,8,5,678
1999,8,6,1596
1999,8,7,4051
1999,8,8,19176
1999,8,9,223234
1999,8,99,79753
1999,9,0,232
1999,9,1,549
1999,9,10,21607
1999,9,2,227
1999,9,3,240
1999,9,4,410
1999,9,5,662
1999,9,6,1579
1999,9,7,3879
1999,9,8,18621
1999,9,9,222818
1999,9,99,78999
1992,1,0,207
1992,1,1,525
1992,1,10,33719
1992,1,2,246
1992,1,3,206
1992,1,4,385
1992,1,5,681
1992,1,6,1510
1992,1,7,3995
1992,1,8,18437
1992,1,9,196164
1992,1,99,78301
1992,10,0,198
1992,10,1,536
1992,10,10,33996
1992,10,2,253
1992,10,3,272
1992,10,4,384
1992,10,5,681
1992,10,6,1567
1992,10,7,3939
1992,10,8,18389
1992,10,9,201939
1992,10,99,81829
1992,11,0,163
1992,11,1,539
1992,11,10,31720
1992,11,2,219
1992,11,3,246
1992,11,4,357
1992,11,5,656
1992,11,6,1464
1992,11,7,3698
1992,11,8,17369
1992,11,9,189409
1992,11,99,76451
1992,12,0,198
1992,12,1,535
1992,12,10,33026
1992,12,2,249
1992,12,3,224
1992,12,4,378
1992,12,5,697
1992,12,6,1540
1992,12,7,3905
1992,12,8,18285
1992,12,9,199352
1992,12,99,79707
1992,2,0,170
1992,2,1,512
1992,2,10,31534
1992,2,2,201
1992,2,3,226
1992,2,4,342
1992,2,5,639
1992,2,6,1447
1992,2,7,3607
1992,2,8,17502
1992,2,9,185492
1992,2,99,74071
1992,3,0,198
1992,3,1,527
1992,3,10,33724
1992,3,2,235
1992,3,3,261
1992,3,4,364
1992,3,5,675
1992,3,6,1590
1992,3,7,3971
1992,3,8,18807
1992,3,9,200341
1992,3,99,79164
1992,4,0,190
1992,4,1,568
1992,4,10,33345
1992,4,2,227
1992,4,3,221
1992,4,4,348
1992,4,5,678
1992,4,6,1499
1992,4,7,3871
1992,4,8,18776
1992,4,9,196951
1992,4,99,76997
1992,5,0,181
1992,5,1,531
1992,5,10,34817
1992,5,2,253
1992,5,3,241
1992,5,4,391
1992,5,5,720
1992,5,6,1571
1992,5,7,4030
1992,5,8,18711
1992,5,9,204846
1992,5,99,78233
1992,6,0,201
1992,6,1,543
1992,6,10,34203
1992,6,2,216
1992,6,3,273
1992,6,4,353
1992,6,5,696
1992,6,6,1617
1992,6,7,3918
1992,6,8,18683
1992,6,9,201586
1992,6,99,77779
1992,7,0,202
1992,7,1,554
1992,7,10,35824
1992,7,2,257
1992,7,3,274
1992,7,4,424
1992,7,5,699
1992,7,6,1615
1992,7,7,4270
1992,7,8,19947
1992,7,9,213045
1992,7,99,82386
1992,8,0,179
1992,8,1,581
1992,8,10,34887
1992,8,2,231
1992,8,3,245
1992,8,4,418
1992,8,5,714
1992,8,6,1640
1992,8,7,4246
1992,8,8,18965
1992,8,9,205288
1992,8,99,81972
1992,9,0,196
1992,9,1,537
1992,9,10,34150
1992,9,2,220
1992,9,3,240
1992,9,4,371
1992,9,5,655
1992,9,6,1532
1992,9,7,3952
1992,9,8,18778
1992,9,9,204727
1992,9,99,82597
2007,1,0,237
2007,1,1,738
2007,1,10,14866
2007,1,2,675
2007,1,3,421
2007,1,4,616
2007,1,5,1049
2007,1,6,2167
2007,1,7,5846
2007,1,8,30359
2007,1,9,295476
2007,1,99,3110
2007,10,0,213
2007,10,1,754
2007,10,10,15084
2007,10,2,487
2007,10,3,555
2007,10,4,673
2007,10,5,1146
2007,10,6,2341
2007,10,7,6182
2007,10,8,34213
2007,10,9,305543
2007,10,99,2878
2007,11,0,204
2007,11,1,711
2007,11,10,14239
2007,11,2,500
2007,11,3,513
2007,11,4,676
2007,11,5,1099
2007,11,6,2168
2007,11,7,5942
2007,11,8,33461
2007,11,9,292048
2007,11,99,2766
2007,12,0,208
2007,12,1,754
2007,12,10,14207
2007,12,2,486
2007,12,3,496
2007,12,4,688
2007,12,5,1138
2007,12,6,2213
2007,12,7,6137
2007,12,8,34020
2007,12,9,292330
2007,12,99,2536
2007,2,0,174
2007,2,1,595
2007,2,10,13631
2007,2,2,505
2007,2,3,399
2007,2,4,542
2007,2,5,986
2007,2,6,1924
2007,2,7,5279
2007,2,8,27829
2007,2,9,272896
2007,2,99,2634
2007,3,0,206
2007,3,1,680
2007,3,10,15172
2007,3,2,411
2007,3,3,445
2007,3,4,608
2007,3,5,1046
2007,3,6,2045
2007,3,7,5673
2007,3,8,30596
2007,3,9,301687
2007,3,99,2841
2007,4,0,177
2007,4,1,669
2007,4,10,14069
2007,4,2,424
2007,4,3,419
2007,4,4,558
2007,4,5,1025
2007,4,6,2028
2007,4,7,5452
2007,4,8,29099
2007,4,9,282246
2007,4,99,2629
2007,5,0,178
2007,5,1,806
2007,5,10,15365
2007,5,2,454
2007,5,3,447
2007,5,4,640
2007,5,5,1117
2007,5,6,2162
2007,5,7,5882
2007,5,8,30689
2007,5,9,302523
2007,5,99,2655
2007,6,0,174
2007,6,1,700
2007,6,10,15286
2007,6,2,426
2007,6,3,440
2007,6,4,588
2007,6,5,1065
2007,6,6,2099
2007,6,7,5652
2007,6,8,30218
2007,6,9,299729
2007,6,99,2848
2007,7,0,218
2007,7,1,664
2007,7,10,15717
2007,7,2,426
2007,7,3,470
2007,7,4,639
2007,7,5,1065
2007,7,6,2210
2007,7,7,5994
2007,7,8,31864
2007,7,9,318160
2007,7,99,2929
2007,8,0,228
2007,8,1,757
2007,8,10,16218
2007,8,2,454
2007,8,3,474
2007,8,4,659
2007,8,5,1069
2007,8,6,2261
2007,8,7,6470
2007,8,8,34279
2007,8,9,325076
2007,8,99,3172
2007,9,0,220
2007,9,1,736
2007,9,10,14996
2007,9,2,473
2007,9,3,482
2007,9,4,655
2007,9,5,1054
2007,9,6,2135
2007,9,7,5922
2007,9,8,32609
2007,9,9,305514
2007,9,99,2828
2002,1,0,195
2002,1,1,464
2002,1,10,17180
2002,1,2,179
2002,1,3,235
2002,1,4,303
2002,1,5,601
2002,1,6,1454
2002,1,7,3734
2002,1,8,17830
2002,1,9,213605
2002,1,99,75309
2002,10,0,182
2002,10,1,490
2002,10,10,17271
2002,10,2,223
2002,10,3,191
2002,10,4,336
2002,10,5,623
2002,10,6,1489
2002,10,7,3861
2002,10,8,18261
2002,10,9,222895
2002,10,99,80502
2002,11,0,178
2002,11,1,484
2002,11,10,15740
2002,11,2,197
2002,11,3,172
2002,11,4,310
2002,11,5,591
2002,11,6,1393
2002,11,7,3500
2002,11,8,16838
2002,11,9,204664
2002,11,99,74982
2002,12,0,147
2002,12,1,491
2002,12,10,16698
2002,12,2,223
2002,12,3,213
2002,12,4,334
2002,12,5,616
2002,12,6,1432
2002,12,7,3756
2002,12,8,17857
2002,12,9,215340
2002,12,99,77623
2002,2,0,173
2002,2,1,428
2002,2,10,15684
2002,2,2,166
2002,2,3,221
2002,2,4,281
2002,2,5,570
2002,2,6,1347
2002,2,7,3355
2002,2,8,16327
2002,2,9,197601
2002,2,99,68219
2002,3,0,160
2002,3,1,544
2002,3,10,16774
2002,3,2,223
2002,3,3,236
2002,3,4,338
2002,3,5,625
2002,3,6,1488
2002,3,7,3692
2002,3,8,17904
2002,3,9,215903
2002,3,99,74007
2002,4,0,201
2002,4,1,519
2002,4,10,16685
2002,4,2,215
2002,4,3,215
2002,4,4,350
2002,4,5,610
2002,4,6,1475
2002,4,7,3702
2002,4,8,17521
2002,4,9,211137
2002,4,99,72219
2002,5,0,204
2002,5,1,547
2002,5,10,17281
2002,5,2,208
2002,5,3,208
2002,5,4,335
2002,5,5,631
2002,5,6,1409
2002,5,7,3878
2002,5,8,18480
2002,5,9,220171
2002,5,99,76103
2002,6,0,177
2002,6,1,522
2002,6,10,16808
2002,6,2,232
2002,6,3,218
2002,6,4,350
2002,6,5,596
2002,6,6,1402
2002,6,7,3700
2002,6,8,17998
2002,6,9,212350
2002,6,99,73700
2002,7,0,184
2002,7,1,557
2002,7,10,18288
2002,7,2,197
2002,7,3,244
2002,7,4,382
2002,7,5,666
2002,7,6,1527
2002,7,7,4022
2002,7,8,18891
2002,7,9,232920
2002,7,99,80342
2002,8,0,177
2002,8,1,544
2002,8,10,18155
2002,8,2,218
2002,8,3,250
2002,8,4,361
2002,8,5,657
2002,8,6,1501
2002,8,7,3911
2002,8,8,19229
2002,8,9,233029
2002,8,99,81913
2002,9,0,191
2002,9,1,559
2002,9,10,17509
2002,9,2,199
2002,9,3,230
2002,9,4,339
2002,9,5,594
2002,9,6,1449
2002,9,7,3771
2002,9,8,18053
2002,9,9,224956
2002,9,99,81546
1995,1,0,206
1995,1,1,446
1995,1,10,27137
1995,1,2,209
1995,1,3,224
1995,1,4,352
1995,1,5,608
1995,1,6,1411
1995,1,7,3584
1995,1,8,17188
1995,1,9,191613
1995,1,99,73309
1995,10,0,196
1995,10,1,501
1995,10,10,26771
1995,10,2,202
1995,10,3,234
1995,10,4,360
1995,10,5,644
1995,10,6,1485
1995,10,7,3817
1995,10,8,17693
1995,10,9,200580
1995,10,99,77828
1995,11,0,183
1995,11,1,455
1995,11,10,24887
1995,11,2,163
1995,11,3,216
1995,11,4,372
1995,11,5,619
1995,11,6,1449
1995,11,7,3541
1995,11,8,16519
1995,11,9,189803
1995,11,99,72923
1995,12,0,194
1995,12,1,459
1995,12,10,25098
1995,12,2,180
1995,12,3,218
1995,12,4,309
1995,12,5,653
1995,12,6,1504
1995,12,7,3544
1995,12,8,16658
1995,12,9,193262
1995,12,99,73177
1995,2,0,184
1995,2,1,445
1995,2,10,25118
1995,2,2,184
1995,2,3,219
1995,2,4,280
1995,2,5,591
1995,2,6,1400
1995,2,7,3424
1995,2,8,15836
1995,2,9,180010
1995,2,99,67673
1995,3,0,217
1995,3,1,482
1995,3,10,28179
1995,3,2,200
1995,3,3,241
1995,3,4,313
1995,3,5,600
1995,3,6,1433
1995,3,7,3705
1995,3,8,17780
1995,3,9,201046
1995,3,99,74578
1995,4,0,167
1995,4,1,489
1995,4,10,26001
1995,4,2,234
1995,4,3,209
1995,4,4,333
1995,4,5,574
1995,4,6,1382
1995,4,7,3653
1995,4,8,16919
1995,4,9,189205
1995,4,99,70195
1995,5,0,192
1995,5,1,501
1995,5,10,27869
1995,5,2,245
1995,5,3,275
1995,5,4,362
1995,5,5,669
1995,5,6,1537
1995,5,7,3856
1995,5,8,18201
1995,5,9,206179
1995,5,99,74950
1995,6,0,174
1995,6,1,499
1995,6,10,28003
1995,6,2,229
1995,6,3,252
1995,6,4,356
1995,6,5,657
1995,6,6,1468
1995,6,7,3755
1995,6,8,17783
1995,6,9,202136
1995,6,99,74772
1995,7,0,193
1995,7,1,515
1995,7,10,28696
1995,7,2,211
1995,7,3,239
1995,7,4,379
1995,7,5,661
1995,7,6,1500
1995,7,7,3854
1995,7,8,18411
1995,7,9,208843
1995,7,99,77678
1995,8,0,214
1995,8,1,493
1995,8,10,28735
1995,8,2,204
1995,8,3,240
1995,8,4,366
1995,8,5,692
1995,8,6,1557
1995,8,7,4021
1995,8,8,18812
1995,8,9,214490
1995,8,99,81198
1995,9,0,170
1995,9,1,504
1995,9,10,28028
1995,9,2,204
1995,9,3,211
1995,9,4,328
1995,9,5,634
1995,9,6,1498
1995,9,7,3924
1995,9,8,18047
1995,9,9,207028
1995,9,99,78831
